ArtifactType,Name,Age,Image,Object ID,Historical Notes
coin,Coin,945.0,artifact_dataset/images/coin/457627.jpg,457627,dated 333 AH/945 CE
coin,Coin,983.0,artifact_dataset/images/coin/457133.jpg,457133,dated 374 AH/983–84 CE
coin,Coin,785.0,artifact_dataset/images/coin/457626.jpg,457626,dated 164 AH/780 CE
coin,Coin,1099.0,artifact_dataset/images/coin/457275.jpg,457275,dated 493 AH/1099 CE
coin,Coin,783.0,artifact_dataset/images/coin/457209.jpg,457209,dated 166 AH/783 CE
coin,Girdle with Coins and Medallions,583.0,artifact_dataset/images/coin/464030.jpg,464030,"ca. 583, reassembled after discovery, Byzantine"
coin,Pectoral with Coins and Pseudo-Medallion,544.5,artifact_dataset/images/coin/464070.jpg,464070,"ca. 539–50, Byzantine"
coin,“Augustalis” of Frederick II Hohenstaufen (r. 1215–50),1240.0,artifact_dataset/images/coin/468737.jpg,468737,"1230–50, Italian"
coin,Dinar of Tughril (r. 1040–63),1052.0,artifact_dataset/images/coin/457583.jpg,457583,dated 444 AH/1052–53 CE
coin,Coin,790.0,artifact_dataset/images/coin/457468.jpg,457468,790
coin,Coin,997.0,artifact_dataset/images/coin/457388.jpg,457388,uncertain
coin,Coin,899.5,artifact_dataset/images/coin/457414.jpg,457414,5th–14th century
coin,Coin,899.5,artifact_dataset/images/coin/457491.jpg,457491,5th–14th century
coin,Coin,949.5,artifact_dataset/images/coin/457678.jpg,457678,9th–11th century
coin,Coin,1130.0,artifact_dataset/images/coin/457686.jpg,457686,ca. 1130
coin,Coin,899.5,artifact_dataset/images/coin/457672.jpg,457672,5th–14th century
coin,Coin,899.5,artifact_dataset/images/coin/457680.jpg,457680,5th–14th century
coin,Coin,763.0,artifact_dataset/images/coin/457681.jpg,457681,758–68
coin,Coin,899.5,artifact_dataset/images/coin/457685.jpg,457685,5th–14th century
coin,Coin,1287.0,artifact_dataset/images/coin/457699.jpg,457699,probably late 13th century
coin,Coin,799.5,artifact_dataset/images/coin/457675.jpg,457675,8th–9th century
coin,Coin,899.5,artifact_dataset/images/coin/457670.jpg,457670,5th–14th century
coin,Coin,1099.5,artifact_dataset/images/coin/457676.jpg,457676,11th–12th century
coin,Coin,763.0,artifact_dataset/images/coin/457683.jpg,457683,probably 758–68
coin,Coin,949.5,artifact_dataset/images/coin/457708.jpg,457708,9th–11th century
coin,Coin,763.0,artifact_dataset/images/coin/457703.jpg,457703,758–68
coin,Coin,899.5,artifact_dataset/images/coin/457455.jpg,457455,5th–14th century
coin,Coin,799.5,artifact_dataset/images/coin/457443.jpg,457443,8th–9th century
coin,Coin,912.0,artifact_dataset/images/coin/457469.jpg,457469,819–1005
coin,Coin,799.5,artifact_dataset/images/coin/457464.jpg,457464,8th–9th century
coin,Coin,899.5,artifact_dataset/images/coin/457452.jpg,457452,5th–14th century
coin,Coin,799.5,artifact_dataset/images/coin/457429.jpg,457429,probably 8th–9th century
coin,Coin,899.5,artifact_dataset/images/coin/457430.jpg,457430,5th–14th century
coin,Coin,763.0,artifact_dataset/images/coin/457440.jpg,457440,758–68
coin,Coin,765.5,artifact_dataset/images/coin/457441.jpg,457441,776–85
coin,Coin,609.0,artifact_dataset/images/coin/457428.jpg,457428,probably 590–628
coin,Coin,849.5,artifact_dataset/images/coin/457446.jpg,457446,9th century
coin,Coin,899.5,artifact_dataset/images/coin/457448.jpg,457448,5th–14th century
coin,Coin,799.5,artifact_dataset/images/coin/457438.jpg,457438,8th–9th century
coin,Coin,799.5,artifact_dataset/images/coin/457424.jpg,457424,8th–9th century
coin,Coin,749.5,artifact_dataset/images/coin/457449.jpg,457449,probably 8th century
coin,Coin,771.0,artifact_dataset/images/coin/457434.jpg,457434,770–72
coin,Coin,790.0,artifact_dataset/images/coin/457447.jpg,457447,ca. 790
coin,Coin,799.5,artifact_dataset/images/coin/457489.jpg,457489,8th–9th century
coin,Coin,899.5,artifact_dataset/images/coin/457516.jpg,457516,5th–14th century
coin,Coin,797.0,artifact_dataset/images/coin/457484.jpg,457484,786–808
coin,Coin,771.0,artifact_dataset/images/coin/457485.jpg,457485,767–75
coin,Coin,899.5,artifact_dataset/images/coin/457506.jpg,457506,5th–14th century
coin,Coin,899.5,artifact_dataset/images/coin/457507.jpg,457507,5th–14th century
coin,Coin,799.5,artifact_dataset/images/coin/457494.jpg,457494,8th–9th century
coin,Coin,899.5,artifact_dataset/images/coin/457482.jpg,457482,5th–14th century
coin,Coin,899.5,artifact_dataset/images/coin/457525.jpg,457525,5th–14th century
coin,Coin,766.0,artifact_dataset/images/coin/457529.jpg,457529,718–814
coin,Coin,899.5,artifact_dataset/images/coin/457514.jpg,457514,5th–14th century
coin,Coin,899.5,artifact_dataset/images/coin/457487.jpg,457487,5th–14th century
coin,Coin,799.5,artifact_dataset/images/coin/457501.jpg,457501,8th–9th century
coin,Coin,899.5,artifact_dataset/images/coin/457520.jpg,457520,5th–14th century
coin,Coin,1149.5,artifact_dataset/images/coin/457481.jpg,457481,probably 12th century
coin,Coin,899.5,artifact_dataset/images/coin/457523.jpg,457523,5th–14th century
coin,Coin,799.5,artifact_dataset/images/coin/457490.jpg,457490,8th–9th century
coin,Coin,800.0,artifact_dataset/images/coin/457475.jpg,457475,786–814
coin,Coin,899.5,artifact_dataset/images/coin/457500.jpg,457500,5th–14th century
coin,Coin,899.5,artifact_dataset/images/coin/457548.jpg,457548,5th–14th century
coin,Coin,799.5,artifact_dataset/images/coin/457542.jpg,457542,8th–9th century
coin,Coin,749.5,artifact_dataset/images/coin/457554.jpg,457554,8th century
coin,Coin,766.0,artifact_dataset/images/coin/457530.jpg,457530,718–814
coin,Coin,899.5,artifact_dataset/images/coin/457531.jpg,457531,5th–14th century
coin,Coin,799.5,artifact_dataset/images/coin/457540.jpg,457540,probably 8th–9th century
coin,Coin,899.5,artifact_dataset/images/coin/457543.jpg,457543,5th–14th century
coin,Coin,799.5,artifact_dataset/images/coin/457546.jpg,457546,8th–9th century
coin,Coin,899.5,artifact_dataset/images/coin/457536.jpg,457536,5th–14th century
coin,Coin,812.5,artifact_dataset/images/coin/457558.jpg,457558,early 9th century
coin,Coin,815.0,artifact_dataset/images/coin/457553.jpg,457553,ca. 815
coin,Coin,749.5,artifact_dataset/images/coin/457533.jpg,457533,8th century
coin,Coin,749.5,artifact_dataset/images/coin/457571.jpg,457571,8th century
coin,Coin,899.5,artifact_dataset/images/coin/457532.jpg,457532,5th–14th century
coin,Coin,799.5,artifact_dataset/images/coin/457539.jpg,457539,8th–9th century
coin,Coin,758.0,artifact_dataset/images/coin/457545.jpg,457545,758–68
coin,Coin,763.0,artifact_dataset/images/coin/457567.jpg,457567,758–68
coin,Coin,799.5,artifact_dataset/images/coin/457535.jpg,457535,8th–9th century
coin,Coin,749.5,artifact_dataset/images/coin/457572.jpg,457572,8th century
coin,Coin,899.5,artifact_dataset/images/coin/457350.jpg,457350,5th–14th century
coin,Coin,799.5,artifact_dataset/images/coin/457415.jpg,457415,probably 8th–9th century
coin,Coin,1208.0,artifact_dataset/images/coin/457398.jpg,457398,1197–1219
coin,Coin,477.0,artifact_dataset/images/coin/457405.jpg,457405,probably 169–785
coin,Coin,1149.5,artifact_dataset/images/coin/457418.jpg,457418,probably 12th century
coin,Coin,799.5,artifact_dataset/images/coin/457412.jpg,457412,8th–9th century
coin,Coin,799.5,artifact_dataset/images/coin/457409.jpg,457409,probably 8th–9th century
coin,Coin,763.0,artifact_dataset/images/coin/457417.jpg,457417,758–68
coin,Coin,899.5,artifact_dataset/images/coin/457419.jpg,457419,5th–14th century
coin,Coin,799.5,artifact_dataset/images/coin/457403.jpg,457403,8th–9th century
coin,Coin,799.5,artifact_dataset/images/coin/457421.jpg,457421,8th–9th century
coin,Coin,1249.5,artifact_dataset/images/coin/457400.jpg,457400,late 13th century
coin,Coin,799.5,artifact_dataset/images/coin/457406.jpg,457406,probably 8th–9th century
coin,Coin,799.5,artifact_dataset/images/coin/457677.jpg,457677,8th–9th century
coin,Coin,750.0,artifact_dataset/images/coin/457408.jpg,457408,before 750
coin,Coin,899.5,artifact_dataset/images/coin/457470.jpg,457470,5th–14th century
coin,Coin,799.5,artifact_dataset/images/coin/457476.jpg,457476,probably 8th–9th century
coin,Coin,899.5,artifact_dataset/images/coin/457513.jpg,457513,5th–14th century
coin,Coin,899.5,artifact_dataset/images/coin/457515.jpg,457515,5th–14th century
coin,Coin,819.0,artifact_dataset/images/coin/457666.jpg,457666,204 AH/819 CE
coin,Coin,737.0,artifact_dataset/images/coin/457538.jpg,457538,120 AH/737 CE
coin,Coin,1065.0,artifact_dataset/images/coin/444862.jpg,444862,dated 452 AH/1060–61 CE
coin,Coin,973.5,artifact_dataset/images/coin/444955.jpg,444955,dated 363 AH/973–74 CE
coin,Coin,1217.0,artifact_dataset/images/coin/453436.jpg,453436,Dated 614 AH/1217 CE
coin,Coin,1199.5,artifact_dataset/images/coin/453446.jpg,453446,12th–13th century
coin,Coin,1434.0,artifact_dataset/images/coin/453440.jpg,453440,dated 838 AH/1434 CE
coin,Coin,770.0,artifact_dataset/images/coin/457566.jpg,457566,770
coin,Coin,797.0,artifact_dataset/images/coin/457549.jpg,457549,797
coin,Coin,737.5,artifact_dataset/images/coin/457653.jpg,457653,uncertain
coin,Coin,1319.0,artifact_dataset/images/coin/454765.jpg,454765,dated 719 AH/1319 CE
coin,Coin,1349.5,artifact_dataset/images/coin/457351.jpg,457351,14th century
coin,Coin,1349.5,artifact_dataset/images/coin/457705.jpg,457705,probably 14th century
coin,Coin,799.5,artifact_dataset/images/coin/457706.jpg,457706,8th–9th century
coin,Coin,799.5,artifact_dataset/images/coin/457091.jpg,457091,8th–9th century
coin,Coin,799.5,artifact_dataset/images/coin/457089.jpg,457089,8th–9th century
coin,Coin,763.0,artifact_dataset/images/coin/457096.jpg,457096,758–68
coin,Coin,799.5,artifact_dataset/images/coin/457098.jpg,457098,8th–9th century
coin,Coin,763.0,artifact_dataset/images/coin/457097.jpg,457097,758–68
coin,Coin,797.0,artifact_dataset/images/coin/457456.jpg,457456,786–808
coin,Coin,899.5,artifact_dataset/images/coin/457435.jpg,457435,5th–14th century
coin,Coin,749.5,artifact_dataset/images/coin/457454.jpg,457454,8th century
coin,Coin,899.5,artifact_dataset/images/coin/457465.jpg,457465,5th–14th century
coin,Coin,899.5,artifact_dataset/images/coin/457473.jpg,457473,5th–14th century
coin,Coin,799.5,artifact_dataset/images/coin/457460.jpg,457460,probably 8th–9th century
coin,Coin,799.5,artifact_dataset/images/coin/457458.jpg,457458,8th–9th century
coin,Coin,899.5,artifact_dataset/images/coin/457472.jpg,457472,5th–14th century
coin,Coin,899.5,artifact_dataset/images/coin/457524.jpg,457524,5th–14th century
coin,Coin,799.5,artifact_dataset/images/coin/457499.jpg,457499,8th–9th century
coin,Coin,1283.0,artifact_dataset/images/coin/457349.jpg,457349,1256–1335
coin,Coin,799.5,artifact_dataset/images/coin/457090.jpg,457090,8th–9th century
coin,Coin,763.0,artifact_dataset/images/coin/457095.jpg,457095,758–68
coin,Coin,797.0,artifact_dataset/images/coin/457425.jpg,457425,786–808
coin,Coin,1249.5,artifact_dataset/images/coin/457496.jpg,457496,probably 12th–14th century
coin,Coin,1149.5,artifact_dataset/images/coin/457086.jpg,457086,12th century
coin,Coin,758.0,artifact_dataset/images/coin/457082.jpg,457082,758–68
coin,Coin,1149.5,artifact_dataset/images/coin/457085.jpg,457085,12th century
coin,Coin,799.5,artifact_dataset/images/coin/457093.jpg,457093,8th–9th century
coin,Coin,1317.0,artifact_dataset/images/coin/457078.jpg,457078,dated 717 AH/1317 CE
coin,Coin,800.0,artifact_dataset/images/coin/457512.jpg,457512,184 AH/800 CE
coin,Coin,1149.5,artifact_dataset/images/coin/453433.jpg,453433,12th century
coin,Coin,762.5,artifact_dataset/images/coin/457557.jpg,457557,8th–early 9th century
coin,Coin,1325.5,artifact_dataset/images/coin/457517.jpg,457517,716–36 AH/1316–35 CE
coin,Coin,789.5,artifact_dataset/images/coin/457541.jpg,457541,170–177 AH/786–93 CE
coin,Coin,1150.0,artifact_dataset/images/coin/457416.jpg,457416,late 11th–early 13th century
coin,Coin,707.5,artifact_dataset/images/coin/444957.jpg,444957,dated 89 AH/707–8 CE
coin,Coin,1185.0,artifact_dataset/images/coin/453434.jpg,453434,dated 581 AH/1185 CE
coin,Coin,979.5,artifact_dataset/images/coin/457221.jpg,457221,977–82
coin,Coin,226.0,artifact_dataset/images/coin/457367.jpg,457367,211–241
coin,Coin,983.5,artifact_dataset/images/coin/457251.jpg,457251,970–97
coin,Coin,986.0,artifact_dataset/images/coin/457119.jpg,457119,dated 376 AH/986  CE
coin,Coin,987.0,artifact_dataset/images/coin/457126.jpg,457126,dated 377 AH/987 CE
coin,Coin,985.0,artifact_dataset/images/coin/457155.jpg,457155,dated 375 AH/985 CE
coin,Coin,979.0,artifact_dataset/images/coin/457235.jpg,457235,dated 369 AH/979 CE
coin,Coin,986.0,artifact_dataset/images/coin/457197.jpg,457197,dated 376 AH/986  CE
coin,Coin,984.0,artifact_dataset/images/coin/457181.jpg,457181,dated 374 AH/984 CE
coin,Coin,990.0,artifact_dataset/images/coin/457229.jpg,457229,983–97
coin,Coin,983.0,artifact_dataset/images/coin/457175.jpg,457175,dated 373 AH/983 CE
coin,Coin,955.0,artifact_dataset/images/coin/457160.jpg,457160,dated 344 AH/955 CE
coin,Coin,984.5,artifact_dataset/images/coin/457230.jpg,457230,dated 37 AH?/98 CE ?
coin,Coin,985.0,artifact_dataset/images/coin/457176.jpg,457176,dated 375 AH/985 CE
coin,Coin,972.5,artifact_dataset/images/coin/457130.jpg,457130,967–78
coin,Coin,962.5,artifact_dataset/images/coin/457189.jpg,457189,949–76
coin,Coin,979.5,artifact_dataset/images/coin/457171.jpg,457171,977–82
coin,Coin,979.5,artifact_dataset/images/coin/457173.jpg,457173,976–83
coin,Coin,972.5,artifact_dataset/images/coin/457174.jpg,457174,967–78
coin,Coin,979.5,artifact_dataset/images/coin/457179.jpg,457179,977–82
coin,Coin,979.5,artifact_dataset/images/coin/457239.jpg,457239,976–83
coin,Coin,979.5,artifact_dataset/images/coin/457228.jpg,457228,977–82
coin,Coin,979.5,artifact_dataset/images/coin/457212.jpg,457212,977–82
coin,Coin,979.5,artifact_dataset/images/coin/457238.jpg,457238,977–82
coin,Coin,979.5,artifact_dataset/images/coin/457224.jpg,457224,977–82
coin,Coin,949.5,artifact_dataset/images/coin/457219.jpg,457219,10th century
coin,Coin,979.5,artifact_dataset/images/coin/457231.jpg,457231,977–82
coin,Coin,1299.5,artifact_dataset/images/coin/457357.jpg,457357,probably 13th–14th century
coin,Coin,986.5,artifact_dataset/images/coin/457245.jpg,457245,976–97
coin,Coin,749.5,artifact_dataset/images/coin/457382.jpg,457382,probably 8th century
coin,Coin,899.5,artifact_dataset/images/coin/457381.jpg,457381,5th–14th century
coin,Coin,979.5,artifact_dataset/images/coin/457246.jpg,457246,977–82
coin,Coin,1299.5,artifact_dataset/images/coin/457356.jpg,457356,probably 13th–14th century
coin,Coin,994.0,artifact_dataset/images/coin/457120.jpg,457120,dated 374 AH/894 CE
coin,Coin,986.5,artifact_dataset/images/coin/457108.jpg,457108,3 AH?/9 CE ?
coin,Coin,986.0,artifact_dataset/images/coin/457114.jpg,457114,dated 376 AH/986  CE
coin,Coin,980.0,artifact_dataset/images/coin/457109.jpg,457109,dated 370 AH/980 CE
coin,Coin,984.5,artifact_dataset/images/coin/457110.jpg,457110,dated 376 AH/986  CE
coin,Coin,982.0,artifact_dataset/images/coin/457118.jpg,457118,dated 372 AH?/982 CE ?
coin,Coin,945.0,artifact_dataset/images/coin/457111.jpg,457111,dated 334 AH/945 CE
coin,Coin,986.0,artifact_dataset/images/coin/457113.jpg,457113,dated 376 AH/986  CE
coin,Coin,984.5,artifact_dataset/images/coin/457117.jpg,457117,dated 37 AH?/98 CE ?
coin,Coin,984.0,artifact_dataset/images/coin/457121.jpg,457121,dated 374 AH/984 CE
coin,Coin,1052.0,artifact_dataset/images/coin/457123.jpg,457123,dated 37 AH?/98 CE ?
coin,Coin,985.0,artifact_dataset/images/coin/457147.jpg,457147,dated 375 AH/985 CE
coin,Coin,985.0,artifact_dataset/images/coin/457129.jpg,457129,dated 375 AH/985 CE
coin,Coin,987.0,artifact_dataset/images/coin/457135.jpg,457135,dated 377 AH/987 CE
coin,Coin,985.0,artifact_dataset/images/coin/457162.jpg,457162,dated 375 AH/985 CE
coin,Coin,985.0,artifact_dataset/images/coin/457127.jpg,457127,dated 375 AH/985 CE
coin,Coin,987.0,artifact_dataset/images/coin/457151.jpg,457151,dated 377 AH/987 CE
coin,Coin,985.0,artifact_dataset/images/coin/457128.jpg,457128,dated 375 AH/985 CE
coin,Coin,680.0,artifact_dataset/images/coin/457161.jpg,457161,dated 375 AH/985 CE
coin,Coin,986.0,artifact_dataset/images/coin/457157.jpg,457157,dated 376 AH/986  CE
coin,Coin,987.0,artifact_dataset/images/coin/457146.jpg,457146,dated 377 AH/987 CE
coin,Coin,985.0,artifact_dataset/images/coin/457167.jpg,457167,dated 375 AH/985 CE
coin,Coin,981.0,artifact_dataset/images/coin/457149.jpg,457149,dated 365 AH/975 CE
coin,Coin,986.0,artifact_dataset/images/coin/457154.jpg,457154,dated 376 AH/986  CE
coin,Coin,985.0,artifact_dataset/images/coin/457159.jpg,457159,dated 375 AH/985 CE
coin,Coin,987.0,artifact_dataset/images/coin/457137.jpg,457137,dated 377 AH/987 CE
coin,Coin,985.0,artifact_dataset/images/coin/457156.jpg,457156,dated 375 AH/985 CE
coin,Coin,987.0,artifact_dataset/images/coin/457169.jpg,457169,dated 377 AH/987 CE
coin,Coin,977.5,artifact_dataset/images/coin/457170.jpg,457170,dated 37 AH?/98 CE ?
coin,Coin,985.0,artifact_dataset/images/coin/457148.jpg,457148,dated 375 AH/985 CE
coin,Coin,986.0,artifact_dataset/images/coin/457166.jpg,457166,dated 376 AH/986  CE
coin,Coin,985.0,artifact_dataset/images/coin/457142.jpg,457142,dated 375 AH/985 CE
coin,Coin,986.0,artifact_dataset/images/coin/457138.jpg,457138,dated 376 AH/986  CE
coin,Coin,985.0,artifact_dataset/images/coin/457153.jpg,457153,dated 375 AH/985 CE
coin,Coin,985.0,artifact_dataset/images/coin/457141.jpg,457141,dated 375 AH/985 CE
coin,Coin,985.0,artifact_dataset/images/coin/457122.jpg,457122,dated 375 AH/985 CE
coin,Coin,965.0,artifact_dataset/images/coin/457124.jpg,457124,dated 354 AH/965 CE
coin,Coin,984.0,artifact_dataset/images/coin/457150.jpg,457150,dated 374 AH/984 CE
coin,Coin,984.0,artifact_dataset/images/coin/457134.jpg,457134,dated 374 AH?/984 CE ?
coin,Coin,987.0,artifact_dataset/images/coin/457165.jpg,457165,dated 377 AH/987 CE
coin,Coin,986.0,artifact_dataset/images/coin/457168.jpg,457168,dated 376 AH/986  CE
coin,Coin,986.5,artifact_dataset/images/coin/457145.jpg,457145,dated 377 AH/987 CE
coin,Coin,974.0,artifact_dataset/images/coin/457139.jpg,457139,dated 363 AH/974 CE
coin,Coin,984.0,artifact_dataset/images/coin/457163.jpg,457163,dated 374 AH/984 CE
coin,Coin,984.0,artifact_dataset/images/coin/457132.jpg,457132,dated 374 AH/984 CE
coin,Coin,986.0,artifact_dataset/images/coin/457140.jpg,457140,dated 376 AH/986  CE
coin,Coin,981.5,artifact_dataset/images/coin/457136.jpg,457136,dated 37 AH?/98 CE ?
coin,Coin,985.0,artifact_dataset/images/coin/457152.jpg,457152,dated 375 AH/985 CE
coin,Coin,986.0,artifact_dataset/images/coin/457131.jpg,457131,dated 376 AH/986  CE
coin,Coin,966.0,artifact_dataset/images/coin/457125.jpg,457125,dated 355 AH/AH 966
coin,Coin,973.0,artifact_dataset/images/coin/457172.jpg,457172,dated 363 AH/973 CE
coin,Coin,980.0,artifact_dataset/images/coin/457164.jpg,457164,dated 36 AH?/97 CE ?
coin,Coin,949.0,artifact_dataset/images/coin/457143.jpg,457143,dated 337 AH/949 CE
coin,Coin,976.0,artifact_dataset/images/coin/457158.jpg,457158,dated 366 AH/976 CE
coin,Coin,951.0,artifact_dataset/images/coin/457190.jpg,457190,dated 340 AH/951 CE
coin,Coin,974.5,artifact_dataset/images/coin/457234.jpg,457234,dated 36 AH?/97 CE ?
coin,Coin,983.0,artifact_dataset/images/coin/457208.jpg,457208,dated 373 AH/983 CE
coin,Coin,949.0,artifact_dataset/images/coin/457191.jpg,457191,dated 337 AH/949 CE
coin,Coin,982.0,artifact_dataset/images/coin/457225.jpg,457225,dated 372 AH/982 CE
coin,Coin,953.0,artifact_dataset/images/coin/457192.jpg,457192,dated 342 AH/953 CE
coin,Coin,983.0,artifact_dataset/images/coin/457178.jpg,457178,dated 373 AH/983 CE
coin,Coin,986.0,artifact_dataset/images/coin/457204.jpg,457204,dated 376 AH/986  CE
coin,Coin,982.0,artifact_dataset/images/coin/457210.jpg,457210,dated 372 AH/982 CE
coin,Coin,980.0,artifact_dataset/images/coin/457180.jpg,457180,dated 37 AH?/98 CE ?
coin,Coin,973.0,artifact_dataset/images/coin/457193.jpg,457193,dated 363 AH/973 CE
coin,Coin,986.0,artifact_dataset/images/coin/457199.jpg,457199,dated 376 AH/986  CE
coin,Coin,975.0,artifact_dataset/images/coin/457218.jpg,457218,dated 365 AH/975 CE
coin,Coin,963.0,artifact_dataset/images/coin/457182.jpg,457182,dated 363 AH?/973 CE ?
coin,Coin,979.0,artifact_dataset/images/coin/457213.jpg,457213,dated 369 AH/979 CE
coin,Coin,986.0,artifact_dataset/images/coin/457200.jpg,457200,dated 376 AH/986  CE
coin,Coin,986.0,artifact_dataset/images/coin/457201.jpg,457201,dated 376 AH/986  CE
coin,Coin,973.0,artifact_dataset/images/coin/457195.jpg,457195,dated 363 AH/973 CE
coin,Coin,977.0,artifact_dataset/images/coin/457186.jpg,457186,dated 367 AH/977 CE
coin,Coin,981.0,artifact_dataset/images/coin/457214.jpg,457214,dated 371 AH/981 CE
coin,Coin,980.0,artifact_dataset/images/coin/457216.jpg,457216,dated 370 AH/980 CE
coin,Coin,979.0,artifact_dataset/images/coin/457183.jpg,457183,dated 369 AH/979 CE
coin,Coin,985.0,artifact_dataset/images/coin/457177.jpg,457177,dated 375 AH/985 CE
coin,Coin,986.0,artifact_dataset/images/coin/457202.jpg,457202,dated 376 AH/986  CE
coin,Coin,986.0,artifact_dataset/images/coin/457207.jpg,457207,dated 376 AH/986  CE
coin,Coin,979.5,artifact_dataset/images/coin/457223.jpg,457223,dated 37 AH?/98 CE ?
coin,Coin,980.0,artifact_dataset/images/coin/457217.jpg,457217,dated 370 AH/980 CE
coin,Coin,986.0,artifact_dataset/images/coin/457196.jpg,457196,dated 376 AH/986  CE
coin,Coin,971.5,artifact_dataset/images/coin/457187.jpg,457187,dated 360 AH/370 CE
coin,Coin,983.0,artifact_dataset/images/coin/457205.jpg,457205,dated 373 AH/983 CE
coin,Coin,986.0,artifact_dataset/images/coin/457206.jpg,457206,dated 376 AH/986  CE
coin,Coin,974.0,artifact_dataset/images/coin/457203.jpg,457203,dated 364 AH/974 CE
coin,Coin,977.0,artifact_dataset/images/coin/457220.jpg,457220,dated 367 AH/977 CE
coin,Coin,984.5,artifact_dataset/images/coin/457226.jpg,457226,dated 37 AH?/98 CE ?
coin,Coin,979.0,artifact_dataset/images/coin/457227.jpg,457227,dated 369 AH/979 CE
coin,Coin,980.0,artifact_dataset/images/coin/457211.jpg,457211,dated 370 AH/980 CE
coin,Coin,978.0,artifact_dataset/images/coin/457194.jpg,457194,dated 368 AH/978 CE
coin,Coin,985.0,artifact_dataset/images/coin/457198.jpg,457198,dated 375 AH/985 CE
coin,Coin,986.0,artifact_dataset/images/coin/457237.jpg,457237,dated 376 AH/986  CE
coin,Coin,977.0,artifact_dataset/images/coin/457236.jpg,457236,dated 367 AH/977 CE
coin,Coin,985.0,artifact_dataset/images/coin/457253.jpg,457253,dated 375 AH/985 CE
coin,Coin,947.0,artifact_dataset/images/coin/457244.jpg,457244,dated 335 AH/947 CE
coin,Coin,986.0,artifact_dataset/images/coin/457254.jpg,457254,dated 376 AH/986  CE
coin,Coin,985.0,artifact_dataset/images/coin/457241.jpg,457241,dated 375 AH/985 CE
coin,Coin,984.5,artifact_dataset/images/coin/457242.jpg,457242,dated 37 AH?/98 CE ?
coin,Coin,984.5,artifact_dataset/images/coin/457240.jpg,457240,dated 37 AH?/98 CE ?
coin,Coin,979.0,artifact_dataset/images/coin/457248.jpg,457248,dated 367 AH/979 CE
coin,Coin,984.5,artifact_dataset/images/coin/457243.jpg,457243,dated 37 AH?/98 CE ?
coin,Coin,986.5,artifact_dataset/images/coin/457250.jpg,457250,dated 37 AH?/98 CE ?
coin,Coin,749.0,artifact_dataset/images/coin/457354.jpg,457354,before 131 AH/749 CE
coin,Coin,776.0,artifact_dataset/images/coin/457364.jpg,457364,dated 160 AH/776 CE
coin,Coin,771.0,artifact_dataset/images/coin/457360.jpg,457360,dated 154 AH/771 CE
coin,Coin,753.0,artifact_dataset/images/coin/457365.jpg,457365,dated 136 AH/753 CE
coin,Coin,969.0,artifact_dataset/images/coin/457374.jpg,457374,dated 358 AH/969 CE
coin,Coin,1332.0,artifact_dataset/images/coin/457368.jpg,457368,dated 733 AH/1332 CE
coin,Coin,767.0,artifact_dataset/images/coin/457362.jpg,457362,dated 150 AH/767 CE
coin,Coin,1330.0,artifact_dataset/images/coin/457355.jpg,457355,dated 730 AH/1330 CE
coin,Coin,1204.0,artifact_dataset/images/coin/457366.jpg,457366,dated 601 AH/1204 CE
coin,Coin,994.0,artifact_dataset/images/coin/457369.jpg,457369,dated 384 AH/994 CE
coin,Coin,1214.5,artifact_dataset/images/coin/457361.jpg,457361,1169–1260
coin,Coin,985.0,artifact_dataset/images/coin/457252.jpg,457252,dated 375 AH/985 CE
coin,Coin,915.0,artifact_dataset/images/coin/457372.jpg,457372,dated 303 AH/915 CE
coin,Coin,790.0,artifact_dataset/images/coin/457363.jpg,457363,dated 174 AH/790 CE
coin,Coin,1187.0,artifact_dataset/images/coin/457347.jpg,457347,late 11th–early 13th century
coin,Coin,802.0,artifact_dataset/images/coin/446068.jpg,446068,dated 186 AH/802 CE
coin,Coin,1218.0,artifact_dataset/images/coin/453451.jpg,453451,dated 615 AH/1218–19 CE
coin,Coin,1223.0,artifact_dataset/images/coin/453445.jpg,453445,dated 620 AH/1223 CE
coin,Coin,1270.5,artifact_dataset/images/coin/457101.jpg,457101,1206–1335
coin,Coin,1125.0,artifact_dataset/images/coin/457471.jpg,457471,first half 12th century
coin,Coin,863.0,artifact_dataset/images/coin/457674.jpg,457674,815–911
coin,Coin,999.5,artifact_dataset/images/coin/457668.jpg,457668,8th–13th century
coin,Coin,790.0,artifact_dataset/images/coin/457700.jpg,457700,ca. 790
coin,Coin,999.5,artifact_dataset/images/coin/457702.jpg,457702,8th–13th century
coin,Coin,1349.5,artifact_dataset/images/coin/457102.jpg,457102,14th century
coin,Coin,799.5,artifact_dataset/images/coin/457088.jpg,457088,8th–9th century
coin,Coin,799.5,artifact_dataset/images/coin/457426.jpg,457426,8th–9th century
coin,Coin,799.5,artifact_dataset/images/coin/457444.jpg,457444,8th–9th century
coin,Coin,770.0,artifact_dataset/images/coin/457453.jpg,457453,ca. 770
coin,Coin,799.5,artifact_dataset/images/coin/457463.jpg,457463,8th–9th century
coin,Coin,799.5,artifact_dataset/images/coin/457467.jpg,457467,probably 8th–9th century
coin,Coin,799.5,artifact_dataset/images/coin/457479.jpg,457479,8th–9th century
coin,Coin,797.0,artifact_dataset/images/coin/457508.jpg,457508,probably 786–808
coin,Coin,799.5,artifact_dataset/images/coin/457528.jpg,457528,8th–9th century
coin,Coin,799.5,artifact_dataset/images/coin/457527.jpg,457527,8th–9th century
coin,Coin,815.0,artifact_dataset/images/coin/457577.jpg,457577,ca. 815
coin,Coin,749.5,artifact_dataset/images/coin/457569.jpg,457569,8th century
coin,Coin,749.5,artifact_dataset/images/coin/457562.jpg,457562,8th century
coin,Coin,763.0,artifact_dataset/images/coin/457565.jpg,457565,758–68
coin,Coin,1149.5,artifact_dataset/images/coin/457575.jpg,457575,11th–13th century
coin,Coin,766.0,artifact_dataset/images/coin/457544.jpg,457544,718–814
coin,Coin,749.5,artifact_dataset/images/coin/457563.jpg,457563,8th century
coin,Coin,799.5,artifact_dataset/images/coin/457344.jpg,457344,8th–9th century
coin,Coin,1087.0,artifact_dataset/images/coin/457348.jpg,457348,late 11th century
coin,Coin,1349.5,artifact_dataset/images/coin/457387.jpg,457387,14th century
coin,Coin,799.5,artifact_dataset/images/coin/457397.jpg,457397,probably 8th–9th century
coin,Coin,749.5,artifact_dataset/images/coin/457411.jpg,457411,8th century
coin,Coin,1287.0,artifact_dataset/images/coin/457342.jpg,457342,late 13th century
coin,Coin,1049.5,artifact_dataset/images/coin/457401.jpg,457401,probably 11th century
coin,Coin,799.5,artifact_dataset/images/coin/457442.jpg,457442,8th–9th century
coin,Coin,766.0,artifact_dataset/images/coin/457568.jpg,457568,718–814
coin,Coin,749.5,artifact_dataset/images/coin/457537.jpg,457537,probably 8th century
coin,Coin,799.5,artifact_dataset/images/coin/457550.jpg,457550,8th–9th century
coin,Coin,763.0,artifact_dataset/images/coin/457570.jpg,457570,758–68
coin,Coin,763.0,artifact_dataset/images/coin/457547.jpg,457547,758–68
coin,Coin,1052.0,artifact_dataset/images/coin/457074.jpg,457074,1030–74
coin,Coin,799.5,artifact_dataset/images/coin/457087.jpg,457087,8th–9th century
coin,Coin,767.0,artifact_dataset/images/coin/457679.jpg,457679,probably 150 AH/767 CE
coin,Coin,770.0,artifact_dataset/images/coin/457433.jpg,457433,dated 153 AH/770 CE
coin,Coin,782.0,artifact_dataset/images/coin/457410.jpg,457410,dated 166 AH/782 CE
coin,Coin,818.0,artifact_dataset/images/coin/457457.jpg,457457,203 AH/818 CE
coin,Coin,773.0,artifact_dataset/images/coin/457560.jpg,457560,dated 156 AH/773 CE
coin,Coin,785.0,artifact_dataset/images/coin/457526.jpg,457526,169 AH/785 CE
coin,Coin,774.5,artifact_dataset/images/coin/457561.jpg,457561,dated 158 AH/775 CE
coin,Coin,806.0,artifact_dataset/images/coin/457551.jpg,457551,dated 191 AH/806 CE
coin,Coin,1149.5,artifact_dataset/images/coin/457600.jpg,457600,10th–14th century
coin,Coin,799.5,artifact_dataset/images/coin/457581.jpg,457581,8th–9th century
coin,Coin,949.5,artifact_dataset/images/coin/457589.jpg,457589,probably 10th century
coin,Coin,749.5,artifact_dataset/images/coin/457609.jpg,457609,8th century
coin,Coin,799.5,artifact_dataset/images/coin/457597.jpg,457597,probably 8th–9th century
coin,Coin,949.5,artifact_dataset/images/coin/457588.jpg,457588,probably 10th century
coin,Coin,799.5,artifact_dataset/images/coin/457613.jpg,457613,8th–9th century
coin,Coin,899.5,artifact_dataset/images/coin/457587.jpg,457587,5th–14th century
coin,Coin,780.5,artifact_dataset/images/coin/457604.jpg,457604,776–85
coin,Coin,949.5,artifact_dataset/images/coin/457616.jpg,457616,9th–11th century
coin,Coin,1099.5,artifact_dataset/images/coin/457617.jpg,457617,9th–14th century
coin,Coin,799.5,artifact_dataset/images/coin/457580.jpg,457580,probably 8th–9th century
coin,Coin,899.5,artifact_dataset/images/coin/457615.jpg,457615,5th–14th century
coin,Coin,899.5,artifact_dataset/images/coin/457594.jpg,457594,5th–14th century
coin,Coin,766.0,artifact_dataset/images/coin/457579.jpg,457579,718–814
coin,Coin,899.5,artifact_dataset/images/coin/457602.jpg,457602,5th–14th century
coin,Coin,899.5,artifact_dataset/images/coin/457586.jpg,457586,5th–14th century
coin,Coin,1249.5,artifact_dataset/images/coin/457611.jpg,457611,probably 13th century
coin,Coin,999.5,artifact_dataset/images/coin/457629.jpg,457629,10th–11th century
coin,Coin,766.0,artifact_dataset/images/coin/457652.jpg,457652,718–814
coin,Coin,799.5,artifact_dataset/images/coin/457622.jpg,457622,8th–9th century
coin,Coin,799.5,artifact_dataset/images/coin/457651.jpg,457651,8th–9th century
coin,Coin,797.0,artifact_dataset/images/coin/457647.jpg,457647,ca. 797
coin,Coin,766.0,artifact_dataset/images/coin/457632.jpg,457632,718–814
coin,Coin,799.5,artifact_dataset/images/coin/457641.jpg,457641,probably 8th–9th century
coin,Coin,799.5,artifact_dataset/images/coin/457643.jpg,457643,8th–9th century
coin,Coin,949.5,artifact_dataset/images/coin/457628.jpg,457628,probably 10th century
coin,Coin,899.5,artifact_dataset/images/coin/457636.jpg,457636,5th–14th century
coin,Coin,799.5,artifact_dataset/images/coin/457662.jpg,457662,probably 8th–9th century
coin,Coin,763.0,artifact_dataset/images/coin/457645.jpg,457645,758–68
coin,Coin,799.5,artifact_dataset/images/coin/457631.jpg,457631,8th–9th century
coin,Coin,799.5,artifact_dataset/images/coin/457654.jpg,457654,8th–9th century
coin,Coin,878.0,artifact_dataset/images/coin/457639.jpg,457639,dated 264 AH/878 CE
coin,Coin,764.0,artifact_dataset/images/coin/457638.jpg,457638,dated 147 AH/764 CE
coin,Coin,890.0,artifact_dataset/images/coin/457635.jpg,457635,dated 277 AH/890 CE
coin,Coin,805.0,artifact_dataset/images/coin/457634.jpg,457634,dated 189 AH/805 CE
coin,Coin,820.0,artifact_dataset/images/coin/457642.jpg,457642,dated 204 AH/820 CE
coin,Coin,790.0,artifact_dataset/images/coin/457649.jpg,457649,174 AH/790 CE
coin,Coin,790.0,artifact_dataset/images/coin/457607.jpg,457607,174 AH/790 CE
coin,Coin,801.0,artifact_dataset/images/coin/457584.jpg,457584,dated 185 AH/801 CE
coin,Coin,749.0,artifact_dataset/images/coin/457599.jpg,457599,dated 131 AH/749 CE
coin,Coin,777.0,artifact_dataset/images/coin/457606.jpg,457606,dated 164 AH/780 CE
coin,Coin,790.0,artifact_dataset/images/coin/457582.jpg,457582,dated 174 AH/790 CE
coin,Coin,756.0,artifact_dataset/images/coin/457605.jpg,457605,dated 139 AH/756 CE
coin,Coin,797.0,artifact_dataset/images/coin/457620.jpg,457620,ca. 797
coin,Coin,899.5,artifact_dataset/images/coin/457585.jpg,457585,5th–14th century
coin,Coin,763.0,artifact_dataset/images/coin/457593.jpg,457593,758–68
coin,Coin,799.5,artifact_dataset/images/coin/457621.jpg,457621,8th–9th century
coin,Coin,999.5,artifact_dataset/images/coin/457663.jpg,457663,8th–13th century
coin,Coin,763.0,artifact_dataset/images/coin/457648.jpg,457648,758–68
coin,Coin,763.0,artifact_dataset/images/coin/457644.jpg,457644,758–68
coin,Coin,773.0,artifact_dataset/images/coin/457657.jpg,457657,dated 156 AH/773 CE
coin,Coin,806.0,artifact_dataset/images/coin/457637.jpg,457637,dated 191 AH/806 CE
coin,Coin,790.0,artifact_dataset/images/coin/457660.jpg,457660,174 AH/790 CE
coin,Coin,759.0,artifact_dataset/images/coin/457655.jpg,457655,dated 142 AH/759 CE
coin,Coin,996.0,artifact_dataset/images/coin/457610.jpg,457610,dated 386 AH/996 CE
coin,Coin,734.0,artifact_dataset/images/coin/457659.jpg,457659,724–743
coin,Coin,1325.5,artifact_dataset/images/coin/457689.jpg,457689,716–36 AH/1316–35 CE
coin,Coin,1200.0,artifact_dataset/images/coin/457704.jpg,457704,late 12th–early 13th century
coin,Coin,1200.0,artifact_dataset/images/coin/457100.jpg,457100,late 12th–early 13th century
coin,Coin,1150.0,artifact_dataset/images/coin/457352.jpg,457352,late 11th–early 13th century
coin,Coin,1150.0,artifact_dataset/images/coin/457345.jpg,457345,late 11th–early 13th century
coin,Coin,1200.0,artifact_dataset/images/coin/457389.jpg,457389,late 12th–early 13th century
coin,Coin,1200.0,artifact_dataset/images/coin/457390.jpg,457390,late 12th–early 13th century
coin,Coin,1209.5,artifact_dataset/images/coin/457099.jpg,457099,596–616 AH/1199–1219 CE
coin,Coin,1321.0,artifact_dataset/images/coin/457080.jpg,457080,dated 731 AH?/1330–1 CE ?
coin,Coin,1209.0,artifact_dataset/images/coin/457346.jpg,457346,596–616 AH/1199–1219 CE
coin,Coin,1215.0,artifact_dataset/images/coin/457671.jpg,457671,603–24 AH/1206–24 CE
coin,Coin,797.0,artifact_dataset/images/coin/457423.jpg,457423,probably 170–93 AH/786–808 CE
coin,Coin,1209.0,artifact_dataset/images/coin/457386.jpg,457386,596–616 AH/1199–1219 CE
coin,Coin,1209.0,artifact_dataset/images/coin/457392.jpg,457392,596–616 AH/1199–1219 CE
coin,Coin,1209.0,artifact_dataset/images/coin/457393.jpg,457393,596–616 AH/1199–1219 CE
coin,Coin,763.0,artifact_dataset/images/coin/457556.jpg,457556,141–50 AH/758–68 CE
coin,Coin,805.0,artifact_dataset/images/coin/457633.jpg,457633,dated 189 AH/805 CE
coin,Coin,997.0,artifact_dataset/images/coin/457596.jpg,457596,probably 387 AH/997 CE
coin,Coin,999.5,artifact_dataset/images/coin/457404.jpg,457404,8th–13th century
coin,Coin,749.5,artifact_dataset/images/coin/457396.jpg,457396,8th century
coin,Coin,1049.5,artifact_dataset/images/coin/457402.jpg,457402,11th century
coin,Coin,758.0,artifact_dataset/images/coin/457081.jpg,457081,dated 141 AH/758 CE
coin,Coin,749.0,artifact_dataset/images/coin/457079.jpg,457079,dated 131 AH/749 CE
coin,Coin,782.0,artifact_dataset/images/coin/457092.jpg,457092,dated 166 AH/782 CE
coin,Coin,786.5,artifact_dataset/images/coin/457084.jpg,457084,dated 170 AH/786 CE
coin,Coin,820.0,artifact_dataset/images/coin/449658.jpg,449658,dated 204 AH/820 CE
coin,Coin,761.0,artifact_dataset/images/coin/457697.jpg,457697,dated 144 AH/761 CE
coin,Coin,783.0,artifact_dataset/images/coin/457698.jpg,457698,dated 166 AH/783 CE
coin,Coin,770.0,artifact_dataset/images/coin/457696.jpg,457696,dated 153 AH/770 CE
coin,Coin,968.0,artifact_dataset/images/coin/457682.jpg,457682,dated 358 AH/968 CE
coin,Coin,777.0,artifact_dataset/images/coin/457709.jpg,457709,dated 164 AH/780 CE
coin,Coin,773.0,artifact_dataset/images/coin/457451.jpg,457451,dated 156 AH/773 CE
coin,Coin,806.0,artifact_dataset/images/coin/457486.jpg,457486,dated 191 AH/806 CE
coin,Coin,806.0,artifact_dataset/images/coin/457474.jpg,457474,dated 191 AH/806 CE
coin,Coin,762.0,artifact_dataset/images/coin/457407.jpg,457407,dated 145 AH/762 CE
coin,Coin,761.0,artifact_dataset/images/coin/457461.jpg,457461,dated 144 AH/761 CE
coin,Coin,800.0,artifact_dataset/images/coin/457420.jpg,457420,dated 1?5 AH
coin,Coin,997.0,artifact_dataset/images/coin/457466.jpg,457466,dated 387 AH/997 CE
coin,Coin,1217.0,artifact_dataset/images/coin/457492.jpg,457492,Dated 614 AH/1217 CE
coin,Coin,806.0,artifact_dataset/images/coin/457483.jpg,457483,dated 191 AH/806 CE
coin,Coin,806.0,artifact_dataset/images/coin/457488.jpg,457488,dated 191 AH/806 CE
coin,Coin,790.0,artifact_dataset/images/coin/457497.jpg,457497,dated 174 AH/790 CE
coin,Coin,797.0,artifact_dataset/images/coin/457511.jpg,457511,dated 181 AH/797 CE
coin,Coin,806.0,artifact_dataset/images/coin/457498.jpg,457498,dated 191 AH/806 CE
coin,Coin,749.0,artifact_dataset/images/coin/457598.jpg,457598,dated 131 AH/749 CE
coin,Coin,988.0,artifact_dataset/images/coin/457518.jpg,457518,dated 378 AH/988 CE
coin,Coin,761.5,artifact_dataset/images/coin/457332.jpg,457332,757–66
coin,Coin,1052.0,artifact_dataset/images/coin/457258.jpg,457258,1030–74
coin,Coin,799.5,artifact_dataset/images/coin/457337.jpg,457337,8th–9th century
coin,Coin,749.5,artifact_dataset/images/coin/457285.jpg,457285,probably 8th century
coin,Coin,799.5,artifact_dataset/images/coin/457273.jpg,457273,8th–9th century
coin,Coin,899.5,artifact_dataset/images/coin/457284.jpg,457284,5th–14th century
coin,Coin,766.0,artifact_dataset/images/coin/457260.jpg,457260,718–814
coin,Coin,749.5,artifact_dataset/images/coin/457281.jpg,457281,8th century
coin,Coin,899.5,artifact_dataset/images/coin/457263.jpg,457263,5th–14th century
coin,Coin,787.0,artifact_dataset/images/coin/457264.jpg,457264,late 8th century
coin,Coin,594.0,artifact_dataset/images/coin/457259.jpg,457259,560–628
coin,Coin,899.5,artifact_dataset/images/coin/457282.jpg,457282,5th–14th century
coin,Coin,771.0,artifact_dataset/images/coin/457262.jpg,457262,767–75
coin,Coin,799.5,artifact_dataset/images/coin/457268.jpg,457268,8th–9th century
coin,Coin,763.0,artifact_dataset/images/coin/457265.jpg,457265,758–68
coin,Coin,750.0,artifact_dataset/images/coin/457274.jpg,457274,mid-8th century
coin,Coin,899.5,artifact_dataset/images/coin/457277.jpg,457277,5th–14th century
coin,Coin,799.5,artifact_dataset/images/coin/457283.jpg,457283,probably 8th–9th century
coin,Coin,899.5,artifact_dataset/images/coin/457270.jpg,457270,5th–14th century
coin,Coin,799.5,artifact_dataset/images/coin/457286.jpg,457286,8th–9th century
coin,Coin,799.5,artifact_dataset/images/coin/457334.jpg,457334,8th–9th century
coin,Coin,899.5,artifact_dataset/images/coin/457294.jpg,457294,5th–14th century
coin,Coin,799.5,artifact_dataset/images/coin/457300.jpg,457300,probably 8th–9th century
coin,Coin,1049.5,artifact_dataset/images/coin/457301.jpg,457301,probably 11th century
coin,Coin,799.5,artifact_dataset/images/coin/457289.jpg,457289,8th–9th century
coin,Coin,799.5,artifact_dataset/images/coin/457295.jpg,457295,probably 8th–9th century
coin,Coin,1299.5,artifact_dataset/images/coin/457302.jpg,457302,13th–14th century
coin,Coin,899.5,artifact_dataset/images/coin/457308.jpg,457308,5th–14th century
coin,Coin,912.0,artifact_dataset/images/coin/457333.jpg,457333,819–1005
coin,Coin,799.5,artifact_dataset/images/coin/457326.jpg,457326,probably 8th–9th century
coin,Coin,799.5,artifact_dataset/images/coin/457311.jpg,457311,probably 8th–9th century
coin,Coin,799.5,artifact_dataset/images/coin/457327.jpg,457327,8th–9th century
coin,Coin,799.5,artifact_dataset/images/coin/457292.jpg,457292,probably 8th–9th century
coin,Coin,539.0,artifact_dataset/images/coin/457328.jpg,457328,"uncertain, probably 488–590"
coin,Coin,899.5,artifact_dataset/images/coin/457298.jpg,457298,5th–14th century
coin,Coin,787.0,artifact_dataset/images/coin/457312.jpg,457312,late 8th century
coin,Coin,899.5,artifact_dataset/images/coin/457290.jpg,457290,5th–14th century
coin,Coin,766.0,artifact_dataset/images/coin/457331.jpg,457331,718–814
coin,Coin,770.0,artifact_dataset/images/coin/457296.jpg,457296,probably 770
coin,Coin,750.0,artifact_dataset/images/coin/457318.jpg,457318,mid-8th century
coin,Coin,749.5,artifact_dataset/images/coin/457320.jpg,457320,probably 8th century
coin,Coin,763.0,artifact_dataset/images/coin/457319.jpg,457319,probably 758–68
coin,Coin,799.5,artifact_dataset/images/coin/457321.jpg,457321,8th–9th century
coin,Coin,763.0,artifact_dataset/images/coin/457309.jpg,457309,758–68
coin,Coin,750.0,artifact_dataset/images/coin/457340.jpg,457340,mid-8th century
coin,Coin,754.0,artifact_dataset/images/coin/457303.jpg,457303,dated: 137 AH/754 CE
coin,Coin,749.0,artifact_dataset/images/coin/457329.jpg,457329,before 131 AH/749 CE
coin,Coin,764.0,artifact_dataset/images/coin/457276.jpg,457276,dated 147 AH/764 CE
coin,Coin,770.0,artifact_dataset/images/coin/457272.jpg,457272,153 AH/770 CE
coin,Coin,969.0,artifact_dataset/images/coin/457314.jpg,457314,dated 358 AH/969 CE
coin,Coin,748.0,artifact_dataset/images/coin/457325.jpg,457325,131 AH/748 CE
coin,Coin,770.0,artifact_dataset/images/coin/457316.jpg,457316,probably 153 AH/770 CE
coin,Coin,761.0,artifact_dataset/images/coin/457305.jpg,457305,144 AH/761 CE
coin,Coin,761.0,artifact_dataset/images/coin/457330.jpg,457330,144 AH/761 CE
coin,Coin,790.0,artifact_dataset/images/coin/457297.jpg,457297,probably 174 AH/790 CE
coin,Coin,771.0,artifact_dataset/images/coin/457299.jpg,457299,dated 153 AH/770 CE
coin,Coin,1004.0,artifact_dataset/images/coin/457266.jpg,457266,4 AH?/4 CE ?
coin,Coin,806.0,artifact_dataset/images/coin/457322.jpg,457322,dated 191 AH/806 CE
coin,Coin,762.0,artifact_dataset/images/coin/457339.jpg,457339,dated 145 AH/762 CE
coin,Coin,768.0,artifact_dataset/images/coin/457279.jpg,457279,dated 151 AH/768 CE
coin,Coin,765.0,artifact_dataset/images/coin/457261.jpg,457261,dated 148 AH/765 CE
coin,Coin,770.0,artifact_dataset/images/coin/457315.jpg,457315,153 AH/770 CE
coin,Coin,770.0,artifact_dataset/images/coin/457280.jpg,457280,153 AH/770 CE
coin,Coin,773.0,artifact_dataset/images/coin/457338.jpg,457338,dated 156 AH/773 CE
coin,Coin,820.0,artifact_dataset/images/coin/457313.jpg,457313,204 AH/820 CE
coin,Coin,958.0,artifact_dataset/images/coin/457310.jpg,457310,dated 347 AH/958 CE
coin,Coin,977.5,artifact_dataset/images/coin/457665.jpg,457665,976–79
coin,Coin,969.0,artifact_dataset/images/coin/457075.jpg,457075,dated 358 AH/969 CE
coin,Coin,749.0,artifact_dataset/images/coin/457077.jpg,457077,dated 131 AH/749 CE
coin,Coin,986.0,artifact_dataset/images/coin/457104.jpg,457104,dated 376 AH/986  CE
coin,Coin,774.5,artifact_dataset/images/coin/457083.jpg,457083,dated 158 AH/775 CE
coin,Coin,749.0,artifact_dataset/images/coin/457076.jpg,457076,dated 131 AH/749 CE
coin,Coin,901.0,artifact_dataset/images/coin/457687.jpg,457687,dated 288 AH/901 CE
coin,Coin,1204.0,artifact_dataset/images/coin/457695.jpg,457695,dated 600 AH/1204 CE
coin,Coin,825.0,artifact_dataset/images/coin/457691.jpg,457691,dated 210 AH/825 CE
coin,Coin,762.0,artifact_dataset/images/coin/457692.jpg,457692,dated 145 AH/762 CE
coin,Coin,748.0,artifact_dataset/images/coin/457436.jpg,457436,dated 131 AH/748 CE
coin,Coin,770.0,artifact_dataset/images/coin/457445.jpg,457445,dated 155 AH/770 CE
coin,Coin,790.0,artifact_dataset/images/coin/457480.jpg,457480,dated 174 AH/790 CE
coin,Coin,802.0,artifact_dataset/images/coin/457509.jpg,457509,dated 186 AH/802 CE
coin,Coin,820.0,artifact_dataset/images/coin/457552.jpg,457552,dated 204 AH/820 CE
coin,Coin,770.0,artifact_dataset/images/coin/457564.jpg,457564,dated 153 AH/770 CE
coin,Coin,885.0,artifact_dataset/images/coin/457504.jpg,457504,dated 271 AH/885 CE
coin,Coin,983.5,artifact_dataset/images/coin/457107.jpg,457107,dated 373 AH/983–84 CE
coin,Coin,959.0,artifact_dataset/images/coin/457116.jpg,457116,dated 348 AH/958–59 CE
coin,Coin,974.0,artifact_dataset/images/coin/457106.jpg,457106,dated 364 AH/974–75 CE
coin,Coin,804.0,artifact_dataset/images/coin/457115.jpg,457115,dated 189 AH/804–5 CE
coin,Coin,977.0,artifact_dataset/images/coin/457112.jpg,457112,dated 367 AH/977–78 CE
coin,Coin,974.0,artifact_dataset/images/coin/457144.jpg,457144,dated 364 AH/974–75 CE
coin,Coin,974.0,artifact_dataset/images/coin/457184.jpg,457184,dated 364 AH/974–75 CE
coin,Coin,977.0,artifact_dataset/images/coin/457188.jpg,457188,dated 367 AH/977–78 CE
coin,Coin,977.5,artifact_dataset/images/coin/457222.jpg,457222,dated 367 AH/977–78 CE
coin,Coin,979.0,artifact_dataset/images/coin/457215.jpg,457215,dated 367 or 369 AH/977 or 979 CE
coin,Coin,985.5,artifact_dataset/images/coin/457232.jpg,457232,dated 375 AH/985–86 CE
coin,Coin,974.0,artifact_dataset/images/coin/457185.jpg,457185,dated 364 AH/974–75 CE
coin,Coin,985.0,artifact_dataset/images/coin/457247.jpg,457247,dated 375 AH/985–86 CE
coin,Coin,899.5,artifact_dataset/images/coin/457380.jpg,457380,probably 759–76 AH/1357–74 CE
coin,Coin,779.5,artifact_dataset/images/coin/457373.jpg,457373,158–69 AH/774–85 CE
coin,Coin,820.0,artifact_dataset/images/coin/457623.jpg,457623,dated 204 AH/820 CE
coin,Coin,1200.0,artifact_dataset/images/coin/457103.jpg,457103,late 12th–early 13th century
coin,Coin,1150.0,artifact_dataset/images/coin/457694.jpg,457694,late 11th–early 13th century
coin,Coin,762.5,artifact_dataset/images/coin/457431.jpg,457431,8th–early 9th century
coin,Coin,1200.0,artifact_dataset/images/coin/457384.jpg,457384,late 12th–early 13th century
coin,Coin,762.5,artifact_dataset/images/coin/457395.jpg,457395,8th–early 9th century
coin,Coin,1200.0,artifact_dataset/images/coin/457391.jpg,457391,late 12th–early 13th century
coin,Coin,272.5,artifact_dataset/images/coin/465758.jpg,465758,"270–275, Late Roman"
coin,Coin,1209.5,artifact_dataset/images/coin/457094.jpg,457094,596–616 AH/1199–1219 CE
coin,Coin,1325.5,artifact_dataset/images/coin/457343.jpg,457343,716–36 AH/1316–35 CE
coin,Coin,763.0,artifact_dataset/images/coin/457693.jpg,457693,141–50 AH/758–68 CE
coin,Coin,986.5,artifact_dataset/images/coin/457667.jpg,457667,366–87 AH/976–97 CE
coin,Coin,763.0,artifact_dataset/images/coin/457688.jpg,457688,probably 141–51 AH/758–68 CE
coin,Coin,763.0,artifact_dataset/images/coin/457701.jpg,457701,141–50 AH/758–68 CE
coin,Coin,1209.0,artifact_dataset/images/coin/457383.jpg,457383,596–616 AH/1199–1219 CE
coin,Coin,1209.0,artifact_dataset/images/coin/457385.jpg,457385,596–616 AH/1199–1219 CE
coin,Coin,986.5,artifact_dataset/images/coin/457477.jpg,457477,366–87 AH/976–97 CE
coin,Coin,797.0,artifact_dataset/images/coin/457493.jpg,457493,170–93 AH/786–808 CE
coin,Coin,997.5,artifact_dataset/images/coin/457450.jpg,457450,387–89 AH/997–98 CE
coin,Coin,816.0,artifact_dataset/images/coin/457432.jpg,457432,198–204 AH/813–19 CE
coin,Coin,775.5,artifact_dataset/images/coin/457437.jpg,457437,159–60 AH/775–76 CE
coin,Coin,785.5,artifact_dataset/images/coin/457495.jpg,457495,169–70 AH/785–86 CE
coin,Coin,797.0,artifact_dataset/images/coin/457521.jpg,457521,170–93 AH/786–808 CE
coin,Coin,797.0,artifact_dataset/images/coin/457534.jpg,457534,170–93 AH/786–808 CE
coin,Coin,986.5,artifact_dataset/images/coin/457578.jpg,457578,366–87 AH/976–97 CE
coin,Coin,1150.0,artifact_dataset/images/coin/457664.jpg,457664,late 11th–early 13th century
coin,Coin,1153.0,artifact_dataset/images/coin/457650.jpg,457650,late 11th–early 13th century
coin,Coin,1209.0,artifact_dataset/images/coin/457656.jpg,457656,596–616 AH/1199–1219 CE
coin,Coin,1325.5,artifact_dataset/images/coin/457630.jpg,457630,716–36 AH/1316–35 CE
coin,Coin,955.0,artifact_dataset/images/coin/457661.jpg,457661,654–754 AH/1256–1353 CE
coin,Coin,775.5,artifact_dataset/images/coin/457658.jpg,457658,159–60 AH/775–76 CE
coin,Coin,779.5,artifact_dataset/images/coin/457640.jpg,457640,158–69 AH/774–85 CE
coin,Coin,763.0,artifact_dataset/images/coin/457646.jpg,457646,141–50 AH/758–68 CE
coin,Coin,773.0,artifact_dataset/images/coin/457595.jpg,457595,dated: 156 AH/773–74 CE
coin,Coin,763.0,artifact_dataset/images/coin/457612.jpg,457612,141–50 AH/758–68 CE
coin,Coin,763.0,artifact_dataset/images/coin/457601.jpg,457601,141–54 AH/758–68 CE
coin,Coin,763.0,artifact_dataset/images/coin/457619.jpg,457619,141–50 AH/758–68 CE
coin,Coin,991.5,artifact_dataset/images/coin/457592.jpg,457592,probably 324–440 AH/935–1048 CE
coin,Coin,763.0,artifact_dataset/images/coin/457624.jpg,457624,141–50 AH/758–68 CE
coin,Coin,1325.5,artifact_dataset/images/coin/457614.jpg,457614,716–36 AH/1316–35 CE
coin,Coin,815.0,artifact_dataset/images/coin/457603.jpg,457603,198–202 AH/813–17 CE
coin,Coin,763.0,artifact_dataset/images/coin/457608.jpg,457608,141–50 AH/758–68 CE
coin,Coin,1209.0,artifact_dataset/images/coin/457625.jpg,457625,596–616 AH/1199–1219 CE
coin,Coin,986.0,artifact_dataset/images/coin/457105.jpg,457105,dated 376 AH/986  CE
coin,Coin,914.0,artifact_dataset/images/coin/457669.jpg,457669,295–301 AH/908–914 CE
coin,Coin,880.5,artifact_dataset/images/coin/457690.jpg,457690,256–79 AH/869–92 CE
coin,Coin,785.5,artifact_dataset/images/coin/457459.jpg,457459,169–70 AH/785–86 CE
coin,Coin,986.5,artifact_dataset/images/coin/457462.jpg,457462,366–87 AH/976–97 CE
coin,Coin,750.0,artifact_dataset/images/coin/457422.jpg,457422,130–36 AH/747–53 CE
coin,Coin,1209.0,artifact_dataset/images/coin/457394.jpg,457394,596–616 AH/1199–1219 CE
coin,Coin,986.5,artifact_dataset/images/coin/457522.jpg,457522,366–87 AH/976–97 CE
coin,Coin,797.5,artifact_dataset/images/coin/457510.jpg,457510,177–87 AH/793–802 CE
coin,Coin,763.0,artifact_dataset/images/coin/457555.jpg,457555,141–50 AH/758–68 CE
coin,Coin,777.5,artifact_dataset/images/coin/457519.jpg,457519,160–63 AH/776–79 CE
coin,Coin,779.0,artifact_dataset/images/coin/457502.jpg,457502,158–68 AH/774–84 CE
coin,Coin,777.5,artifact_dataset/images/coin/457291.jpg,457291,160–63 AH/776–79 CE
coin,Coin,763.0,artifact_dataset/images/coin/457287.jpg,457287,141–50 AH/758–68 CE
coin,Coin,836.5,artifact_dataset/images/coin/457306.jpg,457306,366–87 AH/976–97 CE
coin,Coin,986.5,artifact_dataset/images/coin/457288.jpg,457288,366–87 AH/976–97 CE
coin,Coin,763.0,artifact_dataset/images/coin/457271.jpg,457271,141–50 AH/758–68 CE
coin,Coin,774.5,artifact_dataset/images/coin/457304.jpg,457304,probably 158–70 AH/763–86 CE
coin,Coin,767.5,artifact_dataset/images/coin/457336.jpg,457336,101–201 AH/719–816 CE
coin,Coin,763.0,artifact_dataset/images/coin/457317.jpg,457317,141–50 AH/758–68 CE
coin,Coin,1052.0,artifact_dataset/images/coin/457293.jpg,457293,422–67 AH/1030–74 CE
coin,Coin,763.0,artifact_dataset/images/coin/457269.jpg,457269,141–50 AH/758–68 CE
coin,Coin,761.5,artifact_dataset/images/coin/457324.jpg,457324,139–48 AH/757–66 CE
coin,Coin,1150.0,artifact_dataset/images/coin/457335.jpg,457335,late 11th–early 13th century
coin,Coin,1049.5,artifact_dataset/images/coin/468337.jpg,468337,"11th century, Byzantine"
coin,Coin of Kanishka,130.0,artifact_dataset/images/coin/39385.jpg,39385,"ca. 130, Pakistan (ancient region of Gandhara)"
coin,Coin of Huvishka,165.0,artifact_dataset/images/coin/39386.jpg,39386,"150–180, Pakistan (ancient region of Gandhara)"
coin,Coin of Huvishka,165.0,artifact_dataset/images/coin/39430.jpg,39430,"150–180, Pakistan (ancient region of Gandhara)"
coin,Coin,684.5,artifact_dataset/images/coin/323497.jpg,323497,"early Islamic, 684–685 CE/65 A.H., Islamic"
coin,Coin,684.5,artifact_dataset/images/coin/323503.jpg,323503,"early Islamic, 684–685 CE/65 A.H., Islamic"
coin,Coin,684.5,artifact_dataset/images/coin/323491.jpg,323491,"early Islamic, 684–685 CE/65 A.H., Islamic"
coin,Coin,684.5,artifact_dataset/images/coin/323500.jpg,323500,"early Islamic, 684–685 CE/65 A.H., Islamic"
coin,Coin,684.5,artifact_dataset/images/coin/323495.jpg,323495,"early Islamic, 684–685 CE/65 A.H., Islamic"
coin,Coin,684.5,artifact_dataset/images/coin/323496.jpg,323496,"early Islamic, 684–685 CE/65 A.H., Islamic"
coin,Coin,684.5,artifact_dataset/images/coin/323499.jpg,323499,"early Islamic, 684–685 CE/65 A.H., Islamic"
coin,Coin,684.5,artifact_dataset/images/coin/323493.jpg,323493,"early Islamic, 684–685 CE/65 A.H., Islamic"
coin,Coin,686.5,artifact_dataset/images/coin/323490.jpg,323490,"early Islamic, 686–687 CE (?)/67 A.H. (?), Islamic"
coin,Coin,684.5,artifact_dataset/images/coin/323498.jpg,323498,"early Islamic, 684–685 CE/65 A.H., Islamic"
coin,Coin,684.5,artifact_dataset/images/coin/323515.jpg,323515,"early Islamic, 684–685 CE/65 A.H., Islamic"
coin,Coin,1072.5,artifact_dataset/images/coin/323504.jpg,323504,"Sung Dynasty, ca. 1068–77 CE, Chinese"
coin,Coin,691.5,artifact_dataset/images/coin/323494.jpg,323494,"early Islamic, 691–692 CE (?)/72 A.H. (?), Islamic"
coin,Coin,684.5,artifact_dataset/images/coin/323501.jpg,323501,"early Islamic, 684–685 CE/65 A.H., Islamic"
coin,Coin,684.5,artifact_dataset/images/coin/323502.jpg,323502,"early Islamic, 684–685 CE/65 A.H., Islamic"
coin,Coin,691.0,artifact_dataset/images/coin/323514.jpg,323514,"early Islamic, ca. 691–714 CE, Islamic"
coin,Coin,1149.5,artifact_dataset/images/coin/457618.jpg,457618,probably 12th century
coin,Coin of  Vasudeva,202.5,artifact_dataset/images/coin/39387.jpg,39387,"185–220, Pakistan (ancient region of Gandhara)"
coin,Coin,1005.0,artifact_dataset/images/coin/468338.jpg,468338,"ca. 976–1034, Byzantine"
coin,Coin,349.5,artifact_dataset/images/coin/465759.jpg,465759,"4th century, Byzantine"
coin,Coin,1014.0,artifact_dataset/images/coin/457307.jpg,457307,998–1030
coin,Coin,774.0,artifact_dataset/images/coin/457439.jpg,457439,dated 157 AH/774 CE
coin,Coin inscribed “Chong Ning Tong Bao”,1104.0,artifact_dataset/images/coin/75816.jpg,75816,"Northern Song dynasty (960–1127), 1102–06, China"
coin,Terracotta coin molds,314.0,artifact_dataset/images/coin/254990.jpg,254990,"Late Imperial, Tetrarchic, ca. 308–320 CE, Roman"
coin,Bronze coin of Cyzicus,228.5,artifact_dataset/images/coin/248047.jpg,248047,"Mid Imperial, Severan, 222–235 CE, Roman, Asia Minor"
coin,Coin,976.5,artifact_dataset/images/coin/444956.jpg,444956,dated 366 AH/976–77 CE
coin,Gold Coin Showing King Kumaragupta as an Archer,435.0,artifact_dataset/images/coin/39405.jpg,39405,"Gupta period, 415–455, India"
coin,Gold Coin Showing King Chandragupta II as an Archer,395.0,artifact_dataset/images/coin/39406.jpg,39406,"Gupta period, ca. 376–414, India"
coin,Die for a Coin,1311.0,artifact_dataset/images/coin/449678.jpg,449678,ca. 1311–335
coin,Gold necklace with coin pendants,249.5,artifact_dataset/images/coin/249215.jpg,249215,"Late Imperial, 3rd century CE, Roman"
coin,Coin (Denier) of Henry I of Cyprus (1218–1253),1235.5,artifact_dataset/images/coin/26502.jpg,26502,"1218–53, Cypriote"
coin,Coin Weight,1049.5,artifact_dataset/images/coin/453527.jpg,453527,11th century
coin,Coin Weight,1049.5,artifact_dataset/images/coin/453526.jpg,453526,11th century
coin,Coin Weight,1049.5,artifact_dataset/images/coin/453528.jpg,453528,11th century
coin,Coin Weight,899.5,artifact_dataset/images/coin/454680.jpg,454680,9th–10th century
coin,Coin Weight,809.0,artifact_dataset/images/coin/453506.jpg,453506,808–810
coin,Coin Weight,1049.5,artifact_dataset/images/coin/442876.jpg,442876,11th century
coin,Coin Weight,1049.5,artifact_dataset/images/coin/442896.jpg,442896,11th century
coin,Coin Weight,1149.5,artifact_dataset/images/coin/442887.jpg,442887,11th–13th century
coin,Coin Weight,1049.5,artifact_dataset/images/coin/442898.jpg,442898,11th century
coin,Coin Weight,1049.5,artifact_dataset/images/coin/442893.jpg,442893,11th century
coin,Coin Weight,1249.5,artifact_dataset/images/coin/442886.jpg,442886,probably 12th–14th century
coin,Coin Weight,749.5,artifact_dataset/images/coin/442888.jpg,442888,7th–9th century
coin,Coin Weight,1049.5,artifact_dataset/images/coin/442892.jpg,442892,11th century
coin,Coin Weight,1049.5,artifact_dataset/images/coin/453512.jpg,453512,10th–12th century
coin,Coin Weight,1049.5,artifact_dataset/images/coin/453543.jpg,453543,11th century
coin,Coin Weight,1049.5,artifact_dataset/images/coin/453536.jpg,453536,11th century
coin,Coin Weight,1299.5,artifact_dataset/images/coin/453554.jpg,453554,13th–14th century
coin,Coin Weight,1049.5,artifact_dataset/images/coin/453539.jpg,453539,probably 11th century
coin,Coin Weight,1049.5,artifact_dataset/images/coin/453515.jpg,453515,10th–12th century
coin,Coin Weight,1149.5,artifact_dataset/images/coin/453546.jpg,453546,12th century
coin,Coin Weight,1049.5,artifact_dataset/images/coin/453511.jpg,453511,10th–12th century
coin,Coin Weight,1049.5,artifact_dataset/images/coin/453517.jpg,453517,10th–12th century
coin,Coin Weight,999.5,artifact_dataset/images/coin/453523.jpg,453523,10th–11th century
coin,Coin Weight,1299.5,artifact_dataset/images/coin/453553.jpg,453553,13th–14th century
coin,Coin Weight,1049.5,artifact_dataset/images/coin/453513.jpg,453513,probably 10th–12th century
coin,Coin Weight,1049.5,artifact_dataset/images/coin/453537.jpg,453537,probably 11th century
coin,Coin Weight,1299.5,artifact_dataset/images/coin/453555.jpg,453555,13th–14th century
coin,Coin Weight,1049.5,artifact_dataset/images/coin/453514.jpg,453514,10th–12th century
coin,Coin Weight,1099.5,artifact_dataset/images/coin/453509.jpg,453509,11th–12th century
coin,Coin Weight,1149.5,artifact_dataset/images/coin/453545.jpg,453545,12th century
coin,Coin Weight,1049.5,artifact_dataset/images/coin/453516.jpg,453516,10th–12th century
coin,Coin Weight,1299.5,artifact_dataset/images/coin/453557.jpg,453557,13th–14th century
coin,Coin Weight,1299.5,artifact_dataset/images/coin/453556.jpg,453556,13th–14th century
coin,Coin Weight,1299.5,artifact_dataset/images/coin/453559.jpg,453559,13th–14th century
coin,Coin Weight,899.5,artifact_dataset/images/coin/454678.jpg,454678,9th–10th century
coin,Coin Weight,899.5,artifact_dataset/images/coin/454679.jpg,454679,9th–10th century
coin,Coin Weight,899.5,artifact_dataset/images/coin/454681.jpg,454681,9th–10th century
coin,Coin Weight,1299.5,artifact_dataset/images/coin/445376.jpg,445376,13th–14th century
coin,Coin Weight,1049.5,artifact_dataset/images/coin/442875.jpg,442875,11th century
coin,Coin Weight,1049.5,artifact_dataset/images/coin/442884.jpg,442884,11th century
coin,Coin Weight,1049.5,artifact_dataset/images/coin/442879.jpg,442879,11th century
coin,Coin Weight,1049.5,artifact_dataset/images/coin/442897.jpg,442897,11th century
coin,Coin Weight,1049.5,artifact_dataset/images/coin/442889.jpg,442889,11th century
coin,Coin Weight,1049.5,artifact_dataset/images/coin/442890.jpg,442890,11th century
coin,Coin Weight,1049.5,artifact_dataset/images/coin/442885.jpg,442885,11th century
coin,Coin Weight,999.5,artifact_dataset/images/coin/442899.jpg,442899,10th–11th century
coin,Coin Weight,1299.5,artifact_dataset/images/coin/442878.jpg,442878,probably 13th–14th century
coin,Coin Weight,1049.5,artifact_dataset/images/coin/442891.jpg,442891,11th century
coin,Coin Weight,1049.5,artifact_dataset/images/coin/442881.jpg,442881,11th century
coin,Coin Weight,1149.5,artifact_dataset/images/coin/443178.jpg,443178,10th–14th century
coin,Coin Weight,1149.5,artifact_dataset/images/coin/453420.jpg,453420,12th century
coin,Coin Weight,1049.5,artifact_dataset/images/coin/453531.jpg,453531,11th century
coin,Coin Weight,999.5,artifact_dataset/images/coin/453525.jpg,453525,10th–11th century
coin,Coin Weight,999.5,artifact_dataset/images/coin/453518.jpg,453518,10th–11th century
coin,Coin Weight,1149.5,artifact_dataset/images/coin/453549.jpg,453549,12th century
coin,Coin Weight,1149.5,artifact_dataset/images/coin/453551.jpg,453551,12th century
coin,Coin Weight,999.5,artifact_dataset/images/coin/453522.jpg,453522,10th–11th century
coin,Coin Weight,1149.5,artifact_dataset/images/coin/453550.jpg,453550,12th century
coin,Coin Weight,1049.5,artifact_dataset/images/coin/453540.jpg,453540,11th century
coin,Coin Weight,1049.5,artifact_dataset/images/coin/453542.jpg,453542,11th century
coin,Coin Weight,999.5,artifact_dataset/images/coin/453524.jpg,453524,10th–11th century
coin,Coin Weight,1149.5,artifact_dataset/images/coin/453548.jpg,453548,12th century
coin,Coin Weight,1049.5,artifact_dataset/images/coin/453544.jpg,453544,11th century
coin,Coin Weight,999.5,artifact_dataset/images/coin/453510.jpg,453510,10th–11th century
coin,Coin Weight,999.5,artifact_dataset/images/coin/453521.jpg,453521,10th–11th century
coin,Coin Weight,1199.5,artifact_dataset/images/coin/453552.jpg,453552,12th–13th century
coin,Coin Weight,1049.5,artifact_dataset/images/coin/453535.jpg,453535,11th century
coin,Coin Weight,1049.5,artifact_dataset/images/coin/453541.jpg,453541,11th century
coin,Coin Weight,1049.5,artifact_dataset/images/coin/453529.jpg,453529,11th century
coin,Coin Weight,1099.5,artifact_dataset/images/coin/453547.jpg,453547,12th century
coin,Coin Weight,1199.5,artifact_dataset/images/coin/453568.jpg,453568,12th–13th century
coin,Coin Weight,1149.5,artifact_dataset/images/coin/445373.jpg,445373,12th century
coin,Coin Weight,1049.5,artifact_dataset/images/coin/445375.jpg,445375,11th century
coin,Coin Weight,1149.5,artifact_dataset/images/coin/445370.jpg,445370,12th century
coin,Coin Weight,1049.5,artifact_dataset/images/coin/445369.jpg,445369,11th century
coin,Coin Weight,1049.5,artifact_dataset/images/coin/442883.jpg,442883,11th century
coin,Coin Weight,1049.5,artifact_dataset/images/coin/453532.jpg,453532,11th century
coin,Coin Weight,999.5,artifact_dataset/images/coin/453520.jpg,453520,10th–11th century
coin,Coin Weight,1049.5,artifact_dataset/images/coin/453538.jpg,453538,11th century
coin,Coin Weight,1049.5,artifact_dataset/images/coin/453530.jpg,453530,11th century
coin,Coin Weight,999.5,artifact_dataset/images/coin/453519.jpg,453519,10th–11th century
coin,Coin Weight,1025.0,artifact_dataset/images/coin/453533.jpg,453533,first half 11th century
coin,Coin Weight,1049.5,artifact_dataset/images/coin/453534.jpg,453534,11th century
coin,Coin Weight,1324.5,artifact_dataset/images/coin/443186.jpg,443186,second half 13th–14th century
coin,Coin Weight,1049.5,artifact_dataset/images/coin/443182.jpg,443182,11th century
coin,Coin Weight,1324.5,artifact_dataset/images/coin/443188.jpg,443188,second half 13th–14th century
coin,Coin Weight,1299.5,artifact_dataset/images/coin/443180.jpg,443180,13th–14th century
coin,Coin Weight,1299.5,artifact_dataset/images/coin/443177.jpg,443177,13th–14th century
coin,Coin Weight,1249.5,artifact_dataset/images/coin/443195.jpg,443195,12th–14th century
coin,Coin Weight,1099.5,artifact_dataset/images/coin/443187.jpg,443187,probably 11th–12th century
coin,Coin Weight,1299.5,artifact_dataset/images/coin/443181.jpg,443181,13th–14th century
coin,Coin Weight,1049.5,artifact_dataset/images/coin/443183.jpg,443183,10th–12th century
coin,Coin Weight,1299.5,artifact_dataset/images/coin/443185.jpg,443185,probably 13th–14th century
coin,Coin Weight,1149.5,artifact_dataset/images/coin/443193.jpg,443193,12th century
coin,Coin Weight,749.5,artifact_dataset/images/coin/443191.jpg,443191,8th century
coin,Coin Weight,1049.5,artifact_dataset/images/coin/443179.jpg,443179,11th century
coin,Coin Weight,1049.5,artifact_dataset/images/coin/443194.jpg,443194,11th century
coin,Coin Weight,1018.0,artifact_dataset/images/coin/443189.jpg,443189,dated 401 AH/1010–11 CE
coin,Coin Weight,1049.5,artifact_dataset/images/coin/443184.jpg,443184,10th–12th century
coin,Coin Weight,778.0,artifact_dataset/images/coin/443192.jpg,443192,778 CE
coin,Coin Weight,1149.5,artifact_dataset/images/coin/445377.jpg,445377,12th century
coin,Coin Weight,1149.5,artifact_dataset/images/coin/445372.jpg,445372,12th century
coin,Coin Weight,1049.5,artifact_dataset/images/coin/445374.jpg,445374,11th century
coin,Coin Weight,1049.5,artifact_dataset/images/coin/445371.jpg,445371,11th century
coin,Gold Dinar,1149.5,artifact_dataset/images/coin/330142.jpg,330142,11th–13th century
coin,Dinar,698.5,artifact_dataset/images/coin/453447.jpg,453447,dated 79 AH/698–99 CE
coin,Dirham,711.5,artifact_dataset/images/coin/444958.jpg,444958,dated 93 AH/711–12 CE
coin,Coins,499.5,artifact_dataset/images/coin/479347.jpg,479347,"4th–7th century, Coptic"
coin,Dirham of Ghiyath al-Din Kai Khusrau II (r. 1239–46); Astrological Device (Sun-Lion),1240.5,artifact_dataset/images/coin/454764.jpg,454764,dated 638 AH/1240–41 CE
coin,Dirham of Nasir al-Din Mahmud (r. 1201–22): Double-Headed Bird of Prey,1218.5,artifact_dataset/images/coin/454763.jpg,454763,dated 615 AH/1218–19 CE
coin,Histamenon of Constantine IX Monomachos (1042-55),1048.5,artifact_dataset/images/coin/470471.jpg,470471,"ca. 1042–55, Byzantine"
coin,Quarter Noble of Henry VI (1422-61),1449.5,artifact_dataset/images/coin/469088.jpg,469088,"15th century, British"
coin,Dinar,1028.0,artifact_dataset/images/coin/444855.jpg,444855,dated 419 AH/1028 CE
coin,Dirham of Nasir al-Din Artuq Arslan (r. 1200-1239),1210.0,artifact_dataset/images/coin/444858.jpg,444858,dated 606 AH/1209–10 CE
coin,Dirham of Husain al-Din Yuluk Arslan (r. 1184–1200),1188.5,artifact_dataset/images/coin/453471.jpg,453471,dated 584 AH/1188–89 CE
coin,Noble of Edward III,1350.0,artifact_dataset/images/coin/477816.jpg,477816,"ca. 1350, British"
coin,Coin with Rose Noble and Edward IV,1467.0,artifact_dataset/images/coin/475175.jpg,475175,"1464–1470, British"
coin,Dirham of Ghiyath al-Din Kai Khusrau II (r. 1237–46),1243.0,artifact_dataset/images/coin/453444.jpg,453444,dated 641 AH/1243 CE
coin,Coin Nomisma Isaac II,1150.5,artifact_dataset/images/coin/32954.jpg,32954,"12th century, Byzantine"
coin,Coin Noble Edward III,1360.0,artifact_dataset/images/coin/32955.jpg,32955,"ca. 1360, British"
coin,Gold Tremissis of Theophilos,836.5,artifact_dataset/images/coin/464812.jpg,464812,"831–842, Byzantine"
coin,Shaftsbury Penny,1049.5,artifact_dataset/images/coin/469072.jpg,469072,"11th century, British"
coin,Septimius Severus Denarius,200.5,artifact_dataset/images/coin/469172.jpg,469172,"200–201, Roman"
coin,Wessex Penny,863.5,artifact_dataset/images/coin/469171.jpg,469171,"861–866, British"
coin,Bronze Coins,499.5,artifact_dataset/images/coin/478754.jpg,478754,"4th–7th century, Coptic"
coin,Drachm of Alexander the Great,350.0,artifact_dataset/images/coin/464907.jpg,464907,"200–500, Roman"
coin,Mouton of Jean the Good,1357.0,artifact_dataset/images/coin/469170.jpg,469170,"1350–64, French"
coin,Rose Noble of Edward IV (1461-1483),1472.0,artifact_dataset/images/coin/462738.jpg,462738,"1461–83, British"
coin,Noble of Edward III (r. 1327–77),1361.0,artifact_dataset/images/coin/469166.jpg,469166,"1361–69, British"
coin,Florin d'or of John The Good,1349.5,artifact_dataset/images/coin/469076.jpg,469076,"14th century, French"
coin,Quarter Noble of Edward III (r. 1327–77),1352.0,artifact_dataset/images/coin/469167.jpg,469167,"1327–77, British"
coin,Quarter Noble of Edward III (r. 1327–77),1352.0,artifact_dataset/images/coin/469168.jpg,469168,"1327–77, British"
coin,Solidus of Phocas ( r. 602–10),649.5,artifact_dataset/images/coin/466048.jpg,466048,"7th century, Byzantine"
coin,Franc à Cheval of John the Good,1357.0,artifact_dataset/images/coin/469075.jpg,469075,"ca. 1350–64, French"
coin,"Rose Noble, Edward IV (1461-1483)",1467.0,artifact_dataset/images/coin/477817.jpg,477817,"1464–70, British"
coin,Coin (Noble) Showing Henry VI,1441.5,artifact_dataset/images/coin/32960.jpg,32960,"1422–61, British"
coin,Coin of The Senones,350.0,artifact_dataset/images/coin/464969.jpg,464969,"200–500, Roman"
coin,Coin (Franc) Showing Charles V,1372.0,artifact_dataset/images/coin/32959.jpg,32959,"1364–80, French"
coin,Coin (Franc) Showing Charles V,1350.5,artifact_dataset/images/coin/32847.jpg,32847,"14th century, French"
coin,Coin of Justin II,549.5,artifact_dataset/images/coin/465912.jpg,465912,"6th century (572–573), Byzantine"
coin,Coin (Franc) Showing Jean le Bon,1357.0,artifact_dataset/images/coin/32958.jpg,32958,"1350–64, French"
coin,"Coin (Noble, Rose) Showing Edward IV",1472.0,artifact_dataset/images/coin/32961.jpg,32961,"1461–83, British"
coin,Coin of Basil I,849.5,artifact_dataset/images/coin/465911.jpg,465911,"9th century (867 or 868), Byzantine"
coin,Coin (Franc) Showing Jean Le Bon,1357.0,artifact_dataset/images/coin/32957.jpg,32957,"1350–64, French"
coin,Coin Showing Ludwig III (Louis III (the Pious)),1150.5,artifact_dataset/images/coin/32846.jpg,32846,"12th century, German, possibly Thuringia"
coin,"Coin of Roger I, Duke of Sicily",1088.5,artifact_dataset/images/coin/32363.jpg,32363,"1072–1105, Italian, Sicily"
coin,Large Piloncito Coin,874.5,artifact_dataset/images/coin/50076.jpg,50076,"Central Javanese period, Second half of the 8th–second half of the 10th century, Indonesia (Java)"
coin,Large Piloncito Coin,874.5,artifact_dataset/images/coin/50075.jpg,50075,"Central Javanese period, Second half of the 8th–second half of the 10th century, Indonesia (Java)"
coin,Drachm of Bahram IV,393.5,artifact_dataset/images/coin/322363.jpg,322363,"Sasanian, ca. 388–99 CE, Sasanian"
coin,Coin (Thaler) Showing Archduke Sigismund,1486.0,artifact_dataset/images/coin/32962.jpg,32962,"1486, Austrian"
coin,Tetradrachm,212.5,artifact_dataset/images/coin/322362.jpg,322362,"Parthian, ca. 212–213 CE, Parthian"
coin,Drachm,169.0,artifact_dataset/images/coin/322361.jpg,322361,"Parthian, ca. 147–191 CE, Parthian"
coin,Drachm,119.5,artifact_dataset/images/coin/322360.jpg,322360,"Parthian, ca. 110–129 CE, Parthian"
coin,Drachm,629.0,artifact_dataset/images/coin/323485.jpg,323485,"Sasanian, ca. 629 CE, Sasanian"
coin,"Coin, 1/6 unit",232.5,artifact_dataset/images/coin/323482.jpg,323482,"Sasanian, ca. 224–41 CE, Sasanian"
coin,"Coin, 1/6 unit",232.5,artifact_dataset/images/coin/323480.jpg,323480,"Sasanian, ca. 224–41 CE, Sasanian"
coin,Dirhem,689.5,artifact_dataset/images/coin/323481.jpg,323481,"early Islamic, ca. 689–90 CE, Islamic"
coin,Dirhem,689.5,artifact_dataset/images/coin/323484.jpg,323484,"early Islamic, ca. 689–90 CE, Islamic"
coin,Fals,777.0,artifact_dataset/images/coin/323507.jpg,323507,"early Islamic, 777 CE/161 A.H., Islamic"
coin,Dirhem,677.0,artifact_dataset/images/coin/323486.jpg,323486,"early Islamic, 677 CE/58 A.H., Islamic"
coin,Fals,762.5,artifact_dataset/images/coin/323487.jpg,323487,"early Islamic, 762–763 CE/145 A.H., Islamic"
coin,Fals,777.0,artifact_dataset/images/coin/323506.jpg,323506,"early Islamic, 777 CE/161 A.H., Islamic"
coin,Dirhem,688.5,artifact_dataset/images/coin/323483.jpg,323483,"early Islamic, ca. 688–9 CE, Islamic"
coin,Fals,777.5,artifact_dataset/images/coin/323488.jpg,323488,"early Islamic, 777–778 CE/161 A.H., Islamic"
coin,Obol,274.5,artifact_dataset/images/coin/323477.jpg,323477,"Sasanian, ca. 273–6 CE, Sasanian"
coin,Solidus of Heraclius,625.5,artifact_dataset/images/coin/323248.jpg,323248,"Byzantine, ca. 610–41 CE, Byzantine"
coin,Obol,243.0,artifact_dataset/images/coin/323476.jpg,323476,"Sasanian, ca. 241–72 CE, Sasanian"
coin,Dinar,1185.5,artifact_dataset/images/coin/323475.jpg,323475,"early Islamic, ca. 1177–94 CE, Islamic"
coin,Drachm,429.0,artifact_dataset/images/coin/322365.jpg,322365,"Sasanian, ca. 420–38 CE, Sasanian"
coin,Drachm,409.5,artifact_dataset/images/coin/322364.jpg,322364,"Sasanian, ca. 399–420 CE, Sasanian"
coin,Coin/Pendant,349.5,artifact_dataset/images/coin/465540.jpg,465540,"4th century or earlier, Late Roman"
coin,Coin and Bead Fragments,499.5,artifact_dataset/images/coin/478768.jpg,478768,"4th–7th century, Coptic"
coin,Nomisma of Alexius III (1105-1203),1250.0,artifact_dataset/images/coin/32956.jpg,32956,"late 12th–early 13th century, Byzantine"
coin,Collar with medallions containing coins of emperors,225.0,artifact_dataset/images/coin/547949.jpg,547949,"Roman Period, ca. A.D. 225"
coin,William I Penny,1066.0,artifact_dataset/images/coin/477845.jpg,477845,"1066, British"
coin,Fifty-Four Small Piloncito Coins,874.5,artifact_dataset/images/coin/50073.jpg,50073,"Central Javanese period, second half of the 8th–second half of the 10th century, Indonesia (Java)"
coin,Eighteen Medium Piloncito Coins,874.5,artifact_dataset/images/coin/50074.jpg,50074,"Central Javanese period, Second half of the 8th–second half of the 10th century, Indonesia"
coin,Anglo-Saxon Sceat,700.0,artifact_dataset/images/coin/468740.jpg,468740,"7th–8th century, Anglo-Saxon"
coin,Groat of Henry VI,1424.5,artifact_dataset/images/coin/477846.jpg,477846,"1422–27, British"
sculpture,Sculpture,1099.5,artifact_dataset/images/sculpture/449853.jpg,449853,11th–12th century
sculpture,Sculpture of a Wise Man (from a Group with the Adoration of the Magi),1187.5,artifact_dataset/images/sculpture/471050.jpg,471050,"ca. 1175–1200, Spanish"
sculpture,Buddha Protected by a Seven-headed Naga,1200.0,artifact_dataset/images/sculpture/38451.jpg,38451,"Angkor period, late 12th–early 13th century, Cambodia"
sculpture,Virgin and Child (from an group with the Adoration of the Magi),1187.5,artifact_dataset/images/sculpture/471052.jpg,471052,"ca. 1175–1200, Spanish"
sculpture,Wise Man (from a group with the Adoration of the Magi),1187.5,artifact_dataset/images/sculpture/471051.jpg,471051,"ca. 1175–1200, Spanish"
sculpture,Joseph (from a group with the Adoration of the Magi),1187.5,artifact_dataset/images/sculpture/471053.jpg,471053,"ca. 1175–1200, Spanish"
sculpture,Sculpture of an Enthroned King,1232.5,artifact_dataset/images/sculpture/466379.jpg,466379,"ca. 1230–35, North Italian"
sculpture,Lectern for the Reading of the Gospels with the Eagle of Saint John the Evangelist,1301.0,artifact_dataset/images/sculpture/465937.jpg,465937,"ca. 1301, with later additions, Italian"
sculpture,Sculpture of Moses with Tablets of the Law,1170.0,artifact_dataset/images/sculpture/471850.jpg,471850,"ca. 1170, French"
sculpture,Column Statue of a King,1155.0,artifact_dataset/images/sculpture/466311.jpg,466311,"ca. 1150–60, French"
sculpture,Table Base with Jonah Swallowed and Cast Up by the Big Fish,312.5,artifact_dataset/images/sculpture/468759.jpg,468759,"early 300s, Roman"
sculpture,Sculpture of a Kneeling Knight or King,1200.0,artifact_dataset/images/sculpture/34022.jpg,34022,"ca. 1175–1225, North Spanish"
sculpture,The Visitation,1315.0,artifact_dataset/images/sculpture/464596.jpg,464596,"ca. 1310–20, German"
sculpture,"Jizō, Bodhisattva of the Earth Store (Kshitigarbha)",1225.0,artifact_dataset/images/sculpture/53175.jpg,53175,"Kamakura period (1185–1333), ca. 1202, Japan"
sculpture,Fragment of a Figure,1225.0,artifact_dataset/images/sculpture/471825.jpg,471825,"ca. 1225, Italian"
sculpture,Enthroned Virgin and Child,1135.0,artifact_dataset/images/sculpture/470311.jpg,470311,"ca. 1130–1140, French"
sculpture,Torso of Christ,1174.5,artifact_dataset/images/sculpture/472310.jpg,472310,"late 12th century, French"
sculpture,"Seated Bodhisattva Maitreya, the Buddha of the Future",849.5,artifact_dataset/images/sculpture/39032.jpg,39032,"Central Javanese period, 9th century, Indonesia (Java)"
sculpture,"Eleven-Headed Avalokiteshvara, the Bodhisattva of Infinite Compassion",949.5,artifact_dataset/images/sculpture/38959.jpg,38959,"10th century, Thailand"
sculpture,Vishvarupa Vishnu,549.5,artifact_dataset/images/sculpture/38251.jpg,38251,"6th century, India (Jammu and Kashmir, ancient kingdom of Kashmir)"
sculpture,Angel,1120.0,artifact_dataset/images/sculpture/471262.jpg,471262,"ca. 1120, French"
sculpture,The Resurrection,1375.0,artifact_dataset/images/sculpture/23345.jpg,23345,"dated 1375, British"
sculpture,Sculpture fragment,449.5,artifact_dataset/images/sculpture/322763.jpg,322763,"Sasanian, ca. 3rd–7th century CE, Sasanian"
sculpture,The Resurrection,1450.5,artifact_dataset/images/sculpture/27632.jpg,27632,"15th century, British"
sculpture,Bodhisattva Avalokiteshvara,649.5,artifact_dataset/images/sculpture/77918.jpg,77918,"7th century, Pakistan (Swat Valley)"
sculpture,The Boy Attendants Kongara Dōji and Seitaka Dōji,1350.0,artifact_dataset/images/sculpture/757344.jpg,757344,"Nanbokuchō period (1336–1392), ca. 1350, Japan"
sculpture,Sculpture Fragment,499.5,artifact_dataset/images/sculpture/478555.jpg,478555,"4th–7th century, Coptic"
sculpture,Enthroned Virgin and Child,1175.0,artifact_dataset/images/sculpture/471853.jpg,471853,"1150–1200, French"
sculpture,Sculpture Fragment,499.5,artifact_dataset/images/sculpture/478561.jpg,478561,"4th–7th century, Coptic"
sculpture,Crowned and Jeweled Buddha,850.0,artifact_dataset/images/sculpture/39340.jpg,39340,"ca. 9th century, India (Jammu and Kashmir, ancient kingdom of Kashmir)"
sculpture,The Priest Aaron,1170.0,artifact_dataset/images/sculpture/466404.jpg,466404,"ca. 1170, French"
sculpture,Right hand of Buddha,555.0,artifact_dataset/images/sculpture/61650.jpg,61650,"Northern Qi dynasty (550–577), ca. 550–560, China (Northern Xiangtangshan, North Cave)"
sculpture,Crucifix,1137.5,artifact_dataset/images/sculpture/469881.jpg,469881,"ca. 1125–50, Austrian"
sculpture,Sculpture of Bhairava,1300.0,artifact_dataset/images/sculpture/49697.jpg,49697,"ca. 13th–14th century, Indonesia (Java, Sumatra [?])"
sculpture,Saint George Slaying the Dragon,1480.0,artifact_dataset/images/sculpture/463787.jpg,463787,"ca. 1480, Austrian"
sculpture,Sculpture of a Winged Ox,1399.5,artifact_dataset/images/sculpture/470879.jpg,470879,"14th–15th century, French"
sculpture,Virgin and Child,1300.0,artifact_dataset/images/sculpture/477235.jpg,477235,"ca. 1300, North French"
sculpture,Sculpture of the Buddha,874.5,artifact_dataset/images/sculpture/49710.jpg,49710,"Central Javanese period, Second half of the 8th–second half of the 10th century, Indonesia (Java)"
sculpture,Possibly a Sculpture or Whistle,949.5,artifact_dataset/images/sculpture/449891.jpg,449891,probably 8th–12th century
sculpture,Sculpture of God The Father from Frame,1487.0,artifact_dataset/images/sculpture/463695.jpg,463695,"late 15th century, French"
sculpture,Sculpture of Vairochana with Attached Nimbus,999.5,artifact_dataset/images/sculpture/49712.jpg,49712,"early Eastern Javanese period, 10th–11th century, Indonesia (Java)"
sculpture,Small Whip for Sculpture of Deity,874.5,artifact_dataset/images/sculpture/50111.jpg,50111,"Central Javanese period, Second half of the 8th–second half of the 10th century, Indonesia (Java)"
sculpture,Seated Figure (Prophet or Apostle),1200.0,artifact_dataset/images/sculpture/471261.jpg,471261,"ca. 1200, Italian"
sculpture,Figure of an animal,700.0,artifact_dataset/images/sculpture/322768.jpg,322768,"Sasanian–early Islamic, ca. 7th–8th century CE, Sasanian or Islamic"
sculpture,Haniwa (hollow clay sculpture) of a boar,449.5,artifact_dataset/images/sculpture/44834.jpg,44834,"Kofun period (ca. 300–710), 5th century, Japan"
sculpture,Haniwa (Hollow Clay Sculpture) of a Shaman,466.5,artifact_dataset/images/sculpture/44832.jpg,44832,"Kofun period (ca. 300–710), 5th–early 6th century, Japan"
sculpture,Haniwa (Hollow Clay Sculpture) of a Warrior,466.5,artifact_dataset/images/sculpture/44833.jpg,44833,"Kofun period (ca. 300–710), 5th–early 6th century, Japan"
sculpture,Monster-Headed Male Deity with Consort,999.5,artifact_dataset/images/sculpture/39082.jpg,39082,"Eastern Javanese period, 10th–11th century(?), Indonesia (Java)"
sculpture,Linga (Phallic Emblem) with Four Standing Deities,999.5,artifact_dataset/images/sculpture/38147.jpg,38147,"10th–11th century, India (Rajasthan)"
sculpture,"Seated Buddha Protected by Naga (front), Dancing Multi-Headed Hevajra (back)",1249.5,artifact_dataset/images/sculpture/64926.jpg,64926,"Khmer style of the Bayon, 13th century, Thailand or Cambodia"
sculpture,God of the Trinity,1300.0,artifact_dataset/images/sculpture/711012.jpg,711012,"ca. 1300, German"
sculpture,Head of a king,350.0,artifact_dataset/images/sculpture/325717.jpg,325717,"Sasanian, ca. 4th century, Sasanian"
sculpture,Figure of an animal,449.5,artifact_dataset/images/sculpture/323056.jpg,323056,"Sasanian, ca. 3rd–7th century CE, Sasanian"
sculpture,"Figure of an elephant, possibly a chessman",600.0,artifact_dataset/images/sculpture/324052.jpg,324052,"Sasanian, ca. 6th–7th century CE, Sasanian"
sculpture,Hand of a Buddha,852.0,artifact_dataset/images/sculpture/62375.jpg,62375,"Heian period (794–1185), Japan"
sculpture,Boy Mourner resting on Helmet and Shield,1487.0,artifact_dataset/images/sculpture/467623.jpg,467623,"late 15th century, South Netherlandish or Rhenish"
sculpture,Standing Buddha Flanked by Disciples,1224.5,artifact_dataset/images/sculpture/38319.jpg,38319,"ca. first half of the 13th century, Burma"
sculpture,Feline,800.0,artifact_dataset/images/sculpture/310478.jpg,310478,"600–1000 CE, Central Veracruz"
sculpture,Head of a Bishop with Crozier,1450.0,artifact_dataset/images/sculpture/330097.jpg,330097,"15th century, French"
sculpture,Griffin and Other Monster,1449.5,artifact_dataset/images/sculpture/466663.jpg,466663,"15th century, Spanish"
sculpture,Head of a man,300.0,artifact_dataset/images/sculpture/326693.jpg,326693,ca. 3rd–4th century CE
sculpture,Animal figurine,449.5,artifact_dataset/images/sculpture/322829.jpg,322829,"Sasanian, ca. 3rd–7th century CE, Sasanian"
sculpture,Animal figurine,449.5,artifact_dataset/images/sculpture/322833.jpg,322833,"Sasanian, ca. 3rd–7th century CE, Sasanian"
sculpture,Animal figurine,449.5,artifact_dataset/images/sculpture/322423.jpg,322423,"Sasanian, ca. 3rd–7th century CE, Sasanian"
sculpture,Quadruped,449.5,artifact_dataset/images/sculpture/326005.jpg,326005,"Sasanian, ca. 3rd–7th century CE, Sasanian"
sculpture,Head of a gazelle,449.5,artifact_dataset/images/sculpture/322977.jpg,322977,"Sasanian, ca. 3rd–7th century CE, Sasanian"
sculpture,Bust of female figure,200.0,artifact_dataset/images/sculpture/327276.jpg,327276,"Parthian or Roman, ca. 2nd–3rd century CE, Parthian or Roman"
sculpture,Virgin and Child,1449.5,artifact_dataset/images/sculpture/463903.jpg,463903,"15th century, French"
sculpture,The Three Maries,1387.0,artifact_dataset/images/sculpture/464362.jpg,464362,"late 14th century, French"
sculpture,Head of a Bearded King,1350.0,artifact_dataset/images/sculpture/330096.jpg,330096,"ca. 14th century, French"
sculpture,Haniwa (Clay Sculpture) of a Female Shrine Attendant,549.5,artifact_dataset/images/sculpture/53156.jpg,53156,"Kofun period (ca. 3rd–7th century), 6th century, Japan"
sculpture,Head of a male figure,400.0,artifact_dataset/images/sculpture/326160.jpg,326160,"Kushan, ca. 4th–5th century CE, Kushan"
sculpture,Tomb Effigy of a Knight in Gothic Armor,1437.5,artifact_dataset/images/sculpture/34026.jpg,34026,"ca. 1425–50, French, Clermont-Ferrand"
sculpture,Vault Key,1485.0,artifact_dataset/images/sculpture/473456.jpg,473456,"late 15th century, Spanish"
sculpture,Vultus trifrons or an Allegory of Prudence,1347.5,artifact_dataset/images/sculpture/461182.jpg,461182,ca. 1340–55
sculpture,Virgin and Child,1237.5,artifact_dataset/images/sculpture/471964.jpg,471964,"second quarter 13th century, Austrian"
sculpture,Dove,1000.0,artifact_dataset/images/sculpture/852384.jpg,852384,"10th–11th century (?), Spanish (?)"
sculpture,Head of a Boy,404.5,artifact_dataset/images/sculpture/52548.jpg,52548,"Six Dynasties (220–589), China"
sculpture,Saint Stephen,1462.5,artifact_dataset/images/sculpture/460465.jpg,460465,"third quarter fifteenth century, Netherlandish, Tournai"
sculpture,Saint Peter,1462.5,artifact_dataset/images/sculpture/460464.jpg,460464,"third quarter of the 15th century, Netherlandish, Tournai"
sculpture,Saint  Adrian,1462.5,artifact_dataset/images/sculpture/461047.jpg,461047,"third quarter fifteenth century, Netherlandish, Tournai"
sculpture,Saint John the Evangelist,1462.5,artifact_dataset/images/sculpture/461296.jpg,461296,"third quarter 15th century, Netherlandish, Tournai"
inscriptions,Ewer with Inscriptions and Hunting Scenes,1049.5,artifact_dataset/images/inscriptions/449450.jpg,449450,11th century
inscriptions,Panel with Geometric Pattern and Benedictory Inscriptions,1312.5,artifact_dataset/images/inscriptions/457717.jpg,457717,late 13th–mid-14th century
inscriptions,Ewer with Molded Inscriptions and Figures on Horseback,1124.5,artifact_dataset/images/inscriptions/446283.jpg,446283,last quarter 11th–12th century
inscriptions,Shawl with Coptic Inscriptions,899.5,artifact_dataset/images/inscriptions/448572.jpg,448572,9th–10th century
inscriptions,Textile Featuring Arabic Inscriptions,1149.5,artifact_dataset/images/inscriptions/448249.jpg,448249,12th century
inscriptions,Three Bowls with Floriated Kufic Inscriptions,900.0,artifact_dataset/images/inscriptions/449323.jpg,449323,late 9th–early 10th century
inscriptions,Candlestick with Horsemen and Arabic Inscriptions Conveying Good Wishes and Blessings Upon the Sultan,1299.5,artifact_dataset/images/inscriptions/444527.jpg,444527,13th–14th century
inscriptions,"Ewer with Molded Inscriptions, Animals, and Dancers",1124.5,artifact_dataset/images/inscriptions/451397.jpg,451397,last quarter 11th or 12th century
inscriptions,Inscriptions from the Stele of Mount Yi,1119.5,artifact_dataset/images/inscriptions/64022.jpg,64022,"date of stele: Song dynasty (960–1279), China"
inscriptions,Bowl with Green Pseudo-Inscriptions and Clusters of Spots,899.5,artifact_dataset/images/inscriptions/449585.jpg,449585,9th–10th century
inscriptions,Pen Box (Qalamdan) with Inscriptions,1512.5,artifact_dataset/images/inscriptions/452788.jpg,452788,early 16th century
sculpture,"Figure of a man with an oryx, a monkey, and a leopard skin",50.0,artifact_dataset/images/sculpture/325089.jpg,325089,"Neo-Assyrian, ca. 8th century BCE, Assyrian"
sculpture,Standing bull,50.0,artifact_dataset/images/sculpture/324027.jpg,324027,ca. mid-1st millennium BCE
sculpture,Bull's head from column capital,50.0,artifact_dataset/images/sculpture/324025.jpg,324025,"Achaemenid, ca. 5th century BCE, Achaemenid"
