ArtifactType,Name,Age,Image
coin,Coin,920-970 AD,artifact_dataset/images/coin/457627.jpg
coin,Coin,958-1008 AD,artifact_dataset/images/coin/457133.jpg
coin,Coin,755-815 AD,artifact_dataset/images/coin/457626.jpg
coin,Coin,1074-1124 AD,artifact_dataset/images/coin/457275.jpg
coin,Coin,758-808 AD,artifact_dataset/images/coin/457209.jpg
coin,Girdle with Coins and Medallions,583-583 AD,artifact_dataset/images/coin/464030.jpg
coin,Pectoral with Coins and Pseudo-Medallion,539-550 AD,artifact_dataset/images/coin/464070.jpg
coin,“Augustalis” of Frederick II Hohenstaufen (r. 1215–50),1230-1250 AD,artifact_dataset/images/coin/468737.jpg
coin,Dinar of Tughril (r. 1040–63),1027-1077 AD,artifact_dataset/images/coin/457583.jpg
coin,Coin,765-815 AD,artifact_dataset/images/coin/457468.jpg
coin,Coin,932-1062 AD,artifact_dataset/images/coin/457388.jpg
coin,Coin,400-1399 AD,artifact_dataset/images/coin/457414.jpg
coin,Coin,400-1399 AD,artifact_dataset/images/coin/457491.jpg
coin,Coin,800-1099 AD,artifact_dataset/images/coin/457678.jpg
coin,Coin,1105-1155 AD,artifact_dataset/images/coin/457686.jpg
coin,Coin,400-1399 AD,artifact_dataset/images/coin/457672.jpg
coin,Coin,400-1399 AD,artifact_dataset/images/coin/457680.jpg
coin,Coin,733-793 AD,artifact_dataset/images/coin/457681.jpg
coin,Coin,400-1399 AD,artifact_dataset/images/coin/457685.jpg
coin,Coin,1275-1299 AD,artifact_dataset/images/coin/457699.jpg
coin,Coin,700-899 AD,artifact_dataset/images/coin/457675.jpg
coin,Coin,400-1399 AD,artifact_dataset/images/coin/457670.jpg
coin,Coin,1000-1199 AD,artifact_dataset/images/coin/457676.jpg
coin,Coin,733-793 AD,artifact_dataset/images/coin/457683.jpg
coin,Coin,800-1099 AD,artifact_dataset/images/coin/457708.jpg
coin,Coin,733-793 AD,artifact_dataset/images/coin/457703.jpg
coin,Coin,400-1399 AD,artifact_dataset/images/coin/457455.jpg
coin,Coin,700-899 AD,artifact_dataset/images/coin/457443.jpg
coin,Coin,794-1030 AD,artifact_dataset/images/coin/457469.jpg
coin,Coin,700-899 AD,artifact_dataset/images/coin/457464.jpg
coin,Coin,400-1399 AD,artifact_dataset/images/coin/457452.jpg
coin,Coin,700-899 AD,artifact_dataset/images/coin/457429.jpg
coin,Coin,400-1399 AD,artifact_dataset/images/coin/457430.jpg
coin,Coin,733-793 AD,artifact_dataset/images/coin/457440.jpg
coin,Coin,721-810 AD,artifact_dataset/images/coin/457441.jpg
coin,Coin,565-653 AD,artifact_dataset/images/coin/457428.jpg
coin,Coin,800-899 AD,artifact_dataset/images/coin/457446.jpg
coin,Coin,400-1399 AD,artifact_dataset/images/coin/457448.jpg
coin,Coin,700-899 AD,artifact_dataset/images/coin/457438.jpg
coin,Coin,700-899 AD,artifact_dataset/images/coin/457424.jpg
coin,Coin,700-799 AD,artifact_dataset/images/coin/457449.jpg
coin,Coin,745-797 AD,artifact_dataset/images/coin/457434.jpg
coin,Coin,765-815 AD,artifact_dataset/images/coin/457447.jpg
coin,Coin,700-899 AD,artifact_dataset/images/coin/457489.jpg
coin,Coin,400-1399 AD,artifact_dataset/images/coin/457516.jpg
coin,Coin,761-833 AD,artifact_dataset/images/coin/457484.jpg
coin,Coin,742-800 AD,artifact_dataset/images/coin/457485.jpg
coin,Coin,400-1399 AD,artifact_dataset/images/coin/457506.jpg
coin,Coin,400-1399 AD,artifact_dataset/images/coin/457507.jpg
coin,Coin,700-899 AD,artifact_dataset/images/coin/457494.jpg
coin,Coin,400-1399 AD,artifact_dataset/images/coin/457482.jpg
coin,Coin,400-1399 AD,artifact_dataset/images/coin/457525.jpg
coin,Coin,693-839 AD,artifact_dataset/images/coin/457529.jpg
coin,Coin,400-1399 AD,artifact_dataset/images/coin/457514.jpg
coin,Coin,400-1399 AD,artifact_dataset/images/coin/457487.jpg
coin,Coin,700-899 AD,artifact_dataset/images/coin/457501.jpg
coin,Coin,400-1399 AD,artifact_dataset/images/coin/457520.jpg
coin,Coin,1100-1199 AD,artifact_dataset/images/coin/457481.jpg
coin,Coin,400-1399 AD,artifact_dataset/images/coin/457523.jpg
coin,Coin,700-899 AD,artifact_dataset/images/coin/457490.jpg
coin,Coin,761-839 AD,artifact_dataset/images/coin/457475.jpg
coin,Coin,400-1399 AD,artifact_dataset/images/coin/457500.jpg
coin,Coin,400-1399 AD,artifact_dataset/images/coin/457548.jpg
coin,Coin,700-899 AD,artifact_dataset/images/coin/457542.jpg
coin,Coin,700-799 AD,artifact_dataset/images/coin/457554.jpg
coin,Coin,693-839 AD,artifact_dataset/images/coin/457530.jpg
coin,Coin,400-1399 AD,artifact_dataset/images/coin/457531.jpg
coin,Coin,700-899 AD,artifact_dataset/images/coin/457540.jpg
coin,Coin,400-1399 AD,artifact_dataset/images/coin/457543.jpg
coin,Coin,700-899 AD,artifact_dataset/images/coin/457546.jpg
coin,Coin,400-1399 AD,artifact_dataset/images/coin/457536.jpg
coin,Coin,800-825 AD,artifact_dataset/images/coin/457558.jpg
coin,Coin,790-840 AD,artifact_dataset/images/coin/457553.jpg
coin,Coin,700-799 AD,artifact_dataset/images/coin/457533.jpg
coin,Coin,700-799 AD,artifact_dataset/images/coin/457571.jpg
coin,Coin,400-1399 AD,artifact_dataset/images/coin/457532.jpg
coin,Coin,700-899 AD,artifact_dataset/images/coin/457539.jpg
coin,Coin,733-783 AD,artifact_dataset/images/coin/457545.jpg
coin,Coin,733-793 AD,artifact_dataset/images/coin/457567.jpg
coin,Coin,700-899 AD,artifact_dataset/images/coin/457535.jpg
coin,Coin,700-799 AD,artifact_dataset/images/coin/457572.jpg
coin,Coin,400-1399 AD,artifact_dataset/images/coin/457350.jpg
coin,Coin,700-899 AD,artifact_dataset/images/coin/457415.jpg
coin,Coin,1172-1244 AD,artifact_dataset/images/coin/457398.jpg
coin,Coin,144-810 AD,artifact_dataset/images/coin/457405.jpg
coin,Coin,1100-1199 AD,artifact_dataset/images/coin/457418.jpg
coin,Coin,700-899 AD,artifact_dataset/images/coin/457412.jpg
coin,Coin,700-899 AD,artifact_dataset/images/coin/457409.jpg
coin,Coin,733-793 AD,artifact_dataset/images/coin/457417.jpg
coin,Coin,400-1399 AD,artifact_dataset/images/coin/457419.jpg
coin,Coin,700-899 AD,artifact_dataset/images/coin/457403.jpg
coin,Coin,700-899 AD,artifact_dataset/images/coin/457421.jpg
coin,Coin,1200-1299 AD,artifact_dataset/images/coin/457400.jpg
coin,Coin,700-899 AD,artifact_dataset/images/coin/457406.jpg
coin,Coin,700-899 AD,artifact_dataset/images/coin/457677.jpg
coin,Coin,725-775 AD,artifact_dataset/images/coin/457408.jpg
coin,Coin,400-1399 AD,artifact_dataset/images/coin/457470.jpg
coin,Coin,700-899 AD,artifact_dataset/images/coin/457476.jpg
coin,Coin,400-1399 AD,artifact_dataset/images/coin/457513.jpg
coin,Coin,400-1399 AD,artifact_dataset/images/coin/457515.jpg
coin,Coin,794-844 AD,artifact_dataset/images/coin/457666.jpg
coin,Coin,712-762 AD,artifact_dataset/images/coin/457538.jpg
coin,Coin,1035-1095 AD,artifact_dataset/images/coin/444862.jpg
coin,Coin,948-999 AD,artifact_dataset/images/coin/444955.jpg
coin,Coin,1192-1242 AD,artifact_dataset/images/coin/453436.jpg
coin,Coin,1100-1299 AD,artifact_dataset/images/coin/453446.jpg
coin,Coin,1409-1459 AD,artifact_dataset/images/coin/453440.jpg
coin,Coin,745-795 AD,artifact_dataset/images/coin/457566.jpg
coin,Coin,772-822 AD,artifact_dataset/images/coin/457549.jpg
coin,Coin,725-750 AD,artifact_dataset/images/coin/457653.jpg
coin,Coin,1294-1344 AD,artifact_dataset/images/coin/454765.jpg
coin,Coin,1300-1399 AD,artifact_dataset/images/coin/457351.jpg
coin,Coin,1300-1399 AD,artifact_dataset/images/coin/457705.jpg
coin,Coin,700-899 AD,artifact_dataset/images/coin/457706.jpg
coin,Coin,700-899 AD,artifact_dataset/images/coin/457091.jpg
coin,Coin,700-899 AD,artifact_dataset/images/coin/457089.jpg
coin,Coin,733-793 AD,artifact_dataset/images/coin/457096.jpg
coin,Coin,700-899 AD,artifact_dataset/images/coin/457098.jpg
coin,Coin,733-793 AD,artifact_dataset/images/coin/457097.jpg
coin,Coin,761-833 AD,artifact_dataset/images/coin/457456.jpg
coin,Coin,400-1399 AD,artifact_dataset/images/coin/457435.jpg
coin,Coin,700-799 AD,artifact_dataset/images/coin/457454.jpg
coin,Coin,400-1399 AD,artifact_dataset/images/coin/457465.jpg
coin,Coin,400-1399 AD,artifact_dataset/images/coin/457473.jpg
coin,Coin,700-899 AD,artifact_dataset/images/coin/457460.jpg
coin,Coin,700-899 AD,artifact_dataset/images/coin/457458.jpg
coin,Coin,400-1399 AD,artifact_dataset/images/coin/457472.jpg
coin,Coin,400-1399 AD,artifact_dataset/images/coin/457524.jpg
coin,Coin,700-899 AD,artifact_dataset/images/coin/457499.jpg
coin,Coin,1206-1360 AD,artifact_dataset/images/coin/457349.jpg
coin,Coin,700-899 AD,artifact_dataset/images/coin/457090.jpg
coin,Coin,733-793 AD,artifact_dataset/images/coin/457095.jpg
coin,Coin,761-833 AD,artifact_dataset/images/coin/457425.jpg
coin,Coin,1100-1399 AD,artifact_dataset/images/coin/457496.jpg
coin,Coin,1100-1199 AD,artifact_dataset/images/coin/457086.jpg
coin,Coin,723-793 AD,artifact_dataset/images/coin/457082.jpg
coin,Coin,1100-1199 AD,artifact_dataset/images/coin/457085.jpg
coin,Coin,700-899 AD,artifact_dataset/images/coin/457093.jpg
coin,Coin,1292-1342 AD,artifact_dataset/images/coin/457078.jpg
coin,Coin,775-825 AD,artifact_dataset/images/coin/457512.jpg
coin,Coin,1100-1199 AD,artifact_dataset/images/coin/453433.jpg
coin,Coin,700-825 AD,artifact_dataset/images/coin/457557.jpg
coin,Coin,1291-1360 AD,artifact_dataset/images/coin/457517.jpg
coin,Coin,761-818 AD,artifact_dataset/images/coin/457541.jpg
coin,Coin,1075-1225 AD,artifact_dataset/images/coin/457416.jpg
coin,Coin,682-733 AD,artifact_dataset/images/coin/444957.jpg
coin,Coin,1160-1210 AD,artifact_dataset/images/coin/453434.jpg
coin,Coin,952-1007 AD,artifact_dataset/images/coin/457221.jpg
coin,Coin,186-266 AD,artifact_dataset/images/coin/457367.jpg
coin,Coin,945-1022 AD,artifact_dataset/images/coin/457251.jpg
coin,Coin,961-1011 AD,artifact_dataset/images/coin/457119.jpg
coin,Coin,962-1012 AD,artifact_dataset/images/coin/457126.jpg
coin,Coin,960-1010 AD,artifact_dataset/images/coin/457155.jpg
coin,Coin,954-1004 AD,artifact_dataset/images/coin/457235.jpg
coin,Coin,961-1011 AD,artifact_dataset/images/coin/457197.jpg
coin,Coin,959-1009 AD,artifact_dataset/images/coin/457181.jpg
coin,Coin,958-1022 AD,artifact_dataset/images/coin/457229.jpg
coin,Coin,958-1008 AD,artifact_dataset/images/coin/457175.jpg
coin,Coin,930-980 AD,artifact_dataset/images/coin/457160.jpg
coin,Coin,955-1014 AD,artifact_dataset/images/coin/457230.jpg
coin,Coin,960-1010 AD,artifact_dataset/images/coin/457176.jpg
coin,Coin,942-1003 AD,artifact_dataset/images/coin/457130.jpg
coin,Coin,924-1001 AD,artifact_dataset/images/coin/457189.jpg
coin,Coin,952-1007 AD,artifact_dataset/images/coin/457171.jpg
coin,Coin,951-1008 AD,artifact_dataset/images/coin/457173.jpg
coin,Coin,942-1003 AD,artifact_dataset/images/coin/457174.jpg
coin,Coin,952-1007 AD,artifact_dataset/images/coin/457179.jpg
coin,Coin,951-1008 AD,artifact_dataset/images/coin/457239.jpg
coin,Coin,952-1007 AD,artifact_dataset/images/coin/457228.jpg
coin,Coin,952-1007 AD,artifact_dataset/images/coin/457212.jpg
coin,Coin,952-1007 AD,artifact_dataset/images/coin/457238.jpg
coin,Coin,952-1007 AD,artifact_dataset/images/coin/457224.jpg
coin,Coin,900-999 AD,artifact_dataset/images/coin/457219.jpg
coin,Coin,952-1007 AD,artifact_dataset/images/coin/457231.jpg
coin,Coin,1200-1399 AD,artifact_dataset/images/coin/457357.jpg
coin,Coin,951-1022 AD,artifact_dataset/images/coin/457245.jpg
coin,Coin,700-799 AD,artifact_dataset/images/coin/457382.jpg
coin,Coin,400-1399 AD,artifact_dataset/images/coin/457381.jpg
coin,Coin,952-1007 AD,artifact_dataset/images/coin/457246.jpg
coin,Coin,1200-1399 AD,artifact_dataset/images/coin/457356.jpg
coin,Coin,969-1019 AD,artifact_dataset/images/coin/457120.jpg
coin,Coin,951-1022 AD,artifact_dataset/images/coin/457108.jpg
coin,Coin,961-1011 AD,artifact_dataset/images/coin/457114.jpg
coin,Coin,955-1005 AD,artifact_dataset/images/coin/457109.jpg
coin,Coin,955-1014 AD,artifact_dataset/images/coin/457110.jpg
coin,Coin,957-1007 AD,artifact_dataset/images/coin/457118.jpg
coin,Coin,920-970 AD,artifact_dataset/images/coin/457111.jpg
coin,Coin,961-1011 AD,artifact_dataset/images/coin/457113.jpg
coin,Coin,955-1014 AD,artifact_dataset/images/coin/457117.jpg
coin,Coin,959-1009 AD,artifact_dataset/images/coin/457121.jpg
coin,Coin,1027-1077 AD,artifact_dataset/images/coin/457123.jpg
coin,Coin,960-1010 AD,artifact_dataset/images/coin/457147.jpg
coin,Coin,960-1010 AD,artifact_dataset/images/coin/457129.jpg
coin,Coin,962-1012 AD,artifact_dataset/images/coin/457135.jpg
coin,Coin,960-1010 AD,artifact_dataset/images/coin/457162.jpg
coin,Coin,960-1010 AD,artifact_dataset/images/coin/457127.jpg
coin,Coin,962-1012 AD,artifact_dataset/images/coin/457151.jpg
coin,Coin,960-1010 AD,artifact_dataset/images/coin/457128.jpg
coin,Coin,375-985 AD,artifact_dataset/images/coin/457161.jpg
coin,Coin,961-1011 AD,artifact_dataset/images/coin/457157.jpg
coin,Coin,962-1012 AD,artifact_dataset/images/coin/457146.jpg
coin,Coin,960-1010 AD,artifact_dataset/images/coin/457167.jpg
coin,Coin,956-1006 AD,artifact_dataset/images/coin/457149.jpg
coin,Coin,961-1011 AD,artifact_dataset/images/coin/457154.jpg
coin,Coin,960-1010 AD,artifact_dataset/images/coin/457159.jpg
coin,Coin,962-1012 AD,artifact_dataset/images/coin/457137.jpg
coin,Coin,960-1010 AD,artifact_dataset/images/coin/457156.jpg
coin,Coin,962-1012 AD,artifact_dataset/images/coin/457169.jpg
coin,Coin,951-1004 AD,artifact_dataset/images/coin/457170.jpg
coin,Coin,960-1010 AD,artifact_dataset/images/coin/457148.jpg
coin,Coin,961-1011 AD,artifact_dataset/images/coin/457166.jpg
coin,Coin,960-1010 AD,artifact_dataset/images/coin/457142.jpg
coin,Coin,961-1011 AD,artifact_dataset/images/coin/457138.jpg
coin,Coin,960-1010 AD,artifact_dataset/images/coin/457153.jpg
coin,Coin,960-1010 AD,artifact_dataset/images/coin/457141.jpg
coin,Coin,960-1010 AD,artifact_dataset/images/coin/457122.jpg
coin,Coin,940-990 AD,artifact_dataset/images/coin/457124.jpg
coin,Coin,959-1009 AD,artifact_dataset/images/coin/457150.jpg
coin,Coin,959-1009 AD,artifact_dataset/images/coin/457134.jpg
coin,Coin,962-1012 AD,artifact_dataset/images/coin/457165.jpg
coin,Coin,961-1011 AD,artifact_dataset/images/coin/457168.jpg
coin,Coin,951-1022 AD,artifact_dataset/images/coin/457145.jpg
coin,Coin,949-999 AD,artifact_dataset/images/coin/457139.jpg
coin,Coin,959-1009 AD,artifact_dataset/images/coin/457163.jpg
coin,Coin,959-1009 AD,artifact_dataset/images/coin/457132.jpg
coin,Coin,961-1011 AD,artifact_dataset/images/coin/457140.jpg
coin,Coin,951-1012 AD,artifact_dataset/images/coin/457136.jpg
coin,Coin,960-1010 AD,artifact_dataset/images/coin/457152.jpg
coin,Coin,961-1011 AD,artifact_dataset/images/coin/457131.jpg
coin,Coin,941-991 AD,artifact_dataset/images/coin/457125.jpg
coin,Coin,948-998 AD,artifact_dataset/images/coin/457172.jpg
coin,Coin,955-1005 AD,artifact_dataset/images/coin/457164.jpg
coin,Coin,924-974 AD,artifact_dataset/images/coin/457143.jpg
coin,Coin,951-1001 AD,artifact_dataset/images/coin/457158.jpg
coin,Coin,926-976 AD,artifact_dataset/images/coin/457190.jpg
coin,Coin,945-1004 AD,artifact_dataset/images/coin/457234.jpg
coin,Coin,958-1008 AD,artifact_dataset/images/coin/457208.jpg
coin,Coin,924-974 AD,artifact_dataset/images/coin/457191.jpg
coin,Coin,957-1007 AD,artifact_dataset/images/coin/457225.jpg
coin,Coin,928-978 AD,artifact_dataset/images/coin/457192.jpg
coin,Coin,958-1008 AD,artifact_dataset/images/coin/457178.jpg
coin,Coin,961-1011 AD,artifact_dataset/images/coin/457204.jpg
coin,Coin,957-1007 AD,artifact_dataset/images/coin/457210.jpg
coin,Coin,956-1004 AD,artifact_dataset/images/coin/457180.jpg
coin,Coin,948-998 AD,artifact_dataset/images/coin/457193.jpg
coin,Coin,961-1011 AD,artifact_dataset/images/coin/457199.jpg
coin,Coin,950-1000 AD,artifact_dataset/images/coin/457218.jpg
coin,Coin,938-988 AD,artifact_dataset/images/coin/457182.jpg
coin,Coin,954-1004 AD,artifact_dataset/images/coin/457213.jpg
coin,Coin,961-1011 AD,artifact_dataset/images/coin/457200.jpg
coin,Coin,961-1011 AD,artifact_dataset/images/coin/457201.jpg
coin,Coin,948-998 AD,artifact_dataset/images/coin/457195.jpg
coin,Coin,952-1002 AD,artifact_dataset/images/coin/457186.jpg
coin,Coin,956-1006 AD,artifact_dataset/images/coin/457214.jpg
coin,Coin,955-1005 AD,artifact_dataset/images/coin/457216.jpg
coin,Coin,954-1004 AD,artifact_dataset/images/coin/457183.jpg
coin,Coin,960-1010 AD,artifact_dataset/images/coin/457177.jpg
coin,Coin,961-1011 AD,artifact_dataset/images/coin/457202.jpg
coin,Coin,961-1011 AD,artifact_dataset/images/coin/457207.jpg
coin,Coin,952-1007 AD,artifact_dataset/images/coin/457223.jpg
coin,Coin,955-1005 AD,artifact_dataset/images/coin/457217.jpg
coin,Coin,961-1011 AD,artifact_dataset/images/coin/457196.jpg
coin,Coin,941-1002 AD,artifact_dataset/images/coin/457187.jpg
coin,Coin,958-1008 AD,artifact_dataset/images/coin/457205.jpg
coin,Coin,961-1011 AD,artifact_dataset/images/coin/457206.jpg
coin,Coin,949-999 AD,artifact_dataset/images/coin/457203.jpg
coin,Coin,952-1002 AD,artifact_dataset/images/coin/457220.jpg
coin,Coin,955-1014 AD,artifact_dataset/images/coin/457226.jpg
coin,Coin,954-1004 AD,artifact_dataset/images/coin/457227.jpg
coin,Coin,955-1005 AD,artifact_dataset/images/coin/457211.jpg
coin,Coin,953-1003 AD,artifact_dataset/images/coin/457194.jpg
coin,Coin,960-1010 AD,artifact_dataset/images/coin/457198.jpg
coin,Coin,961-1011 AD,artifact_dataset/images/coin/457237.jpg
coin,Coin,952-1002 AD,artifact_dataset/images/coin/457236.jpg
coin,Coin,960-1010 AD,artifact_dataset/images/coin/457253.jpg
coin,Coin,922-972 AD,artifact_dataset/images/coin/457244.jpg
coin,Coin,961-1011 AD,artifact_dataset/images/coin/457254.jpg
coin,Coin,960-1010 AD,artifact_dataset/images/coin/457241.jpg
coin,Coin,955-1014 AD,artifact_dataset/images/coin/457242.jpg
coin,Coin,955-1014 AD,artifact_dataset/images/coin/457240.jpg
coin,Coin,954-1004 AD,artifact_dataset/images/coin/457248.jpg
coin,Coin,955-1014 AD,artifact_dataset/images/coin/457243.jpg
coin,Coin,951-1022 AD,artifact_dataset/images/coin/457250.jpg
coin,Coin,724-774 AD,artifact_dataset/images/coin/457354.jpg
coin,Coin,751-801 AD,artifact_dataset/images/coin/457364.jpg
coin,Coin,746-796 AD,artifact_dataset/images/coin/457360.jpg
coin,Coin,728-778 AD,artifact_dataset/images/coin/457365.jpg
coin,Coin,944-994 AD,artifact_dataset/images/coin/457374.jpg
coin,Coin,1307-1357 AD,artifact_dataset/images/coin/457368.jpg
coin,Coin,742-792 AD,artifact_dataset/images/coin/457362.jpg
coin,Coin,1305-1355 AD,artifact_dataset/images/coin/457355.jpg
coin,Coin,1179-1229 AD,artifact_dataset/images/coin/457366.jpg
coin,Coin,969-1019 AD,artifact_dataset/images/coin/457369.jpg
coin,Coin,1144-1285 AD,artifact_dataset/images/coin/457361.jpg
coin,Coin,960-1010 AD,artifact_dataset/images/coin/457252.jpg
coin,Coin,890-940 AD,artifact_dataset/images/coin/457372.jpg
coin,Coin,765-815 AD,artifact_dataset/images/coin/457363.jpg
coin,Coin,1075-1299 AD,artifact_dataset/images/coin/457347.jpg
coin,Coin,777-827 AD,artifact_dataset/images/coin/446068.jpg
coin,Coin,1193-1243 AD,artifact_dataset/images/coin/453451.jpg
coin,Coin,1198-1248 AD,artifact_dataset/images/coin/453445.jpg
coin,Coin,1181-1360 AD,artifact_dataset/images/coin/457101.jpg
coin,Coin,1100-1150 AD,artifact_dataset/images/coin/457471.jpg
coin,Coin,790-936 AD,artifact_dataset/images/coin/457674.jpg
coin,Coin,700-1299 AD,artifact_dataset/images/coin/457668.jpg
coin,Coin,765-815 AD,artifact_dataset/images/coin/457700.jpg
coin,Coin,700-1299 AD,artifact_dataset/images/coin/457702.jpg
coin,Coin,1300-1399 AD,artifact_dataset/images/coin/457102.jpg
coin,Coin,700-899 AD,artifact_dataset/images/coin/457088.jpg
coin,Coin,700-899 AD,artifact_dataset/images/coin/457426.jpg
coin,Coin,700-899 AD,artifact_dataset/images/coin/457444.jpg
coin,Coin,745-795 AD,artifact_dataset/images/coin/457453.jpg
coin,Coin,700-899 AD,artifact_dataset/images/coin/457463.jpg
coin,Coin,700-899 AD,artifact_dataset/images/coin/457467.jpg
coin,Coin,700-899 AD,artifact_dataset/images/coin/457479.jpg
coin,Coin,761-833 AD,artifact_dataset/images/coin/457508.jpg
coin,Coin,700-899 AD,artifact_dataset/images/coin/457528.jpg
coin,Coin,700-899 AD,artifact_dataset/images/coin/457527.jpg
coin,Coin,790-840 AD,artifact_dataset/images/coin/457577.jpg
coin,Coin,700-799 AD,artifact_dataset/images/coin/457569.jpg
coin,Coin,700-799 AD,artifact_dataset/images/coin/457562.jpg
coin,Coin,733-793 AD,artifact_dataset/images/coin/457565.jpg
coin,Coin,1000-1299 AD,artifact_dataset/images/coin/457575.jpg
coin,Coin,693-839 AD,artifact_dataset/images/coin/457544.jpg
coin,Coin,700-799 AD,artifact_dataset/images/coin/457563.jpg
coin,Coin,700-899 AD,artifact_dataset/images/coin/457344.jpg
coin,Coin,1075-1099 AD,artifact_dataset/images/coin/457348.jpg
coin,Coin,1300-1399 AD,artifact_dataset/images/coin/457387.jpg
coin,Coin,700-899 AD,artifact_dataset/images/coin/457397.jpg
coin,Coin,700-799 AD,artifact_dataset/images/coin/457411.jpg
coin,Coin,1275-1299 AD,artifact_dataset/images/coin/457342.jpg
coin,Coin,1000-1099 AD,artifact_dataset/images/coin/457401.jpg
coin,Coin,700-899 AD,artifact_dataset/images/coin/457442.jpg
coin,Coin,693-839 AD,artifact_dataset/images/coin/457568.jpg
coin,Coin,700-799 AD,artifact_dataset/images/coin/457537.jpg
coin,Coin,700-899 AD,artifact_dataset/images/coin/457550.jpg
coin,Coin,733-793 AD,artifact_dataset/images/coin/457570.jpg
coin,Coin,733-793 AD,artifact_dataset/images/coin/457547.jpg
coin,Coin,1005-1099 AD,artifact_dataset/images/coin/457074.jpg
coin,Coin,700-899 AD,artifact_dataset/images/coin/457087.jpg
coin,Coin,742-792 AD,artifact_dataset/images/coin/457679.jpg
coin,Coin,745-795 AD,artifact_dataset/images/coin/457433.jpg
coin,Coin,757-807 AD,artifact_dataset/images/coin/457410.jpg
coin,Coin,793-843 AD,artifact_dataset/images/coin/457457.jpg
coin,Coin,748-798 AD,artifact_dataset/images/coin/457560.jpg
coin,Coin,760-810 AD,artifact_dataset/images/coin/457526.jpg
coin,Coin,750-799 AD,artifact_dataset/images/coin/457561.jpg
coin,Coin,781-831 AD,artifact_dataset/images/coin/457551.jpg
coin,Coin,900-1399 AD,artifact_dataset/images/coin/457600.jpg
coin,Coin,700-899 AD,artifact_dataset/images/coin/457581.jpg
coin,Coin,900-999 AD,artifact_dataset/images/coin/457589.jpg
coin,Coin,700-799 AD,artifact_dataset/images/coin/457609.jpg
coin,Coin,700-899 AD,artifact_dataset/images/coin/457597.jpg
coin,Coin,900-999 AD,artifact_dataset/images/coin/457588.jpg
coin,Coin,700-899 AD,artifact_dataset/images/coin/457613.jpg
coin,Coin,400-1399 AD,artifact_dataset/images/coin/457587.jpg
coin,Coin,751-810 AD,artifact_dataset/images/coin/457604.jpg
coin,Coin,800-1099 AD,artifact_dataset/images/coin/457616.jpg
coin,Coin,800-1399 AD,artifact_dataset/images/coin/457617.jpg
coin,Coin,700-899 AD,artifact_dataset/images/coin/457580.jpg
coin,Coin,400-1399 AD,artifact_dataset/images/coin/457615.jpg
coin,Coin,400-1399 AD,artifact_dataset/images/coin/457594.jpg
coin,Coin,693-839 AD,artifact_dataset/images/coin/457579.jpg
coin,Coin,400-1399 AD,artifact_dataset/images/coin/457602.jpg
coin,Coin,400-1399 AD,artifact_dataset/images/coin/457586.jpg
coin,Coin,1200-1299 AD,artifact_dataset/images/coin/457611.jpg
coin,Coin,900-1099 AD,artifact_dataset/images/coin/457629.jpg
coin,Coin,693-839 AD,artifact_dataset/images/coin/457652.jpg
coin,Coin,700-899 AD,artifact_dataset/images/coin/457622.jpg
coin,Coin,700-899 AD,artifact_dataset/images/coin/457651.jpg
coin,Coin,772-822 AD,artifact_dataset/images/coin/457647.jpg
coin,Coin,693-839 AD,artifact_dataset/images/coin/457632.jpg
coin,Coin,700-899 AD,artifact_dataset/images/coin/457641.jpg
coin,Coin,700-899 AD,artifact_dataset/images/coin/457643.jpg
coin,Coin,900-999 AD,artifact_dataset/images/coin/457628.jpg
coin,Coin,400-1399 AD,artifact_dataset/images/coin/457636.jpg
coin,Coin,700-899 AD,artifact_dataset/images/coin/457662.jpg
coin,Coin,733-793 AD,artifact_dataset/images/coin/457645.jpg
coin,Coin,700-899 AD,artifact_dataset/images/coin/457631.jpg
coin,Coin,700-899 AD,artifact_dataset/images/coin/457654.jpg
coin,Coin,853-903 AD,artifact_dataset/images/coin/457639.jpg
coin,Coin,739-789 AD,artifact_dataset/images/coin/457638.jpg
coin,Coin,865-915 AD,artifact_dataset/images/coin/457635.jpg
coin,Coin,780-830 AD,artifact_dataset/images/coin/457634.jpg
coin,Coin,795-845 AD,artifact_dataset/images/coin/457642.jpg
coin,Coin,765-815 AD,artifact_dataset/images/coin/457649.jpg
coin,Coin,765-815 AD,artifact_dataset/images/coin/457607.jpg
coin,Coin,776-826 AD,artifact_dataset/images/coin/457584.jpg
coin,Coin,724-774 AD,artifact_dataset/images/coin/457599.jpg
coin,Coin,755-799 AD,artifact_dataset/images/coin/457606.jpg
coin,Coin,765-815 AD,artifact_dataset/images/coin/457582.jpg
coin,Coin,731-781 AD,artifact_dataset/images/coin/457605.jpg
coin,Coin,772-822 AD,artifact_dataset/images/coin/457620.jpg
coin,Coin,400-1399 AD,artifact_dataset/images/coin/457585.jpg
coin,Coin,733-793 AD,artifact_dataset/images/coin/457593.jpg
coin,Coin,700-899 AD,artifact_dataset/images/coin/457621.jpg
coin,Coin,700-1299 AD,artifact_dataset/images/coin/457663.jpg
coin,Coin,733-793 AD,artifact_dataset/images/coin/457648.jpg
coin,Coin,733-793 AD,artifact_dataset/images/coin/457644.jpg
coin,Coin,748-798 AD,artifact_dataset/images/coin/457657.jpg
coin,Coin,781-831 AD,artifact_dataset/images/coin/457637.jpg
coin,Coin,765-815 AD,artifact_dataset/images/coin/457660.jpg
coin,Coin,734-784 AD,artifact_dataset/images/coin/457655.jpg
coin,Coin,971-1021 AD,artifact_dataset/images/coin/457610.jpg
coin,Coin,700-768 AD,artifact_dataset/images/coin/457659.jpg
coin,Coin,1291-1360 AD,artifact_dataset/images/coin/457689.jpg
coin,Coin,1175-1225 AD,artifact_dataset/images/coin/457704.jpg
coin,Coin,1175-1225 AD,artifact_dataset/images/coin/457100.jpg
coin,Coin,1075-1225 AD,artifact_dataset/images/coin/457352.jpg
coin,Coin,1075-1225 AD,artifact_dataset/images/coin/457345.jpg
coin,Coin,1175-1225 AD,artifact_dataset/images/coin/457389.jpg
coin,Coin,1175-1225 AD,artifact_dataset/images/coin/457390.jpg
coin,Coin,1174-1245 AD,artifact_dataset/images/coin/457099.jpg
coin,Coin,1296-1346 AD,artifact_dataset/images/coin/457080.jpg
coin,Coin,1174-1244 AD,artifact_dataset/images/coin/457346.jpg
coin,Coin,1181-1249 AD,artifact_dataset/images/coin/457671.jpg
coin,Coin,761-833 AD,artifact_dataset/images/coin/457423.jpg
coin,Coin,1174-1244 AD,artifact_dataset/images/coin/457386.jpg
coin,Coin,1174-1244 AD,artifact_dataset/images/coin/457392.jpg
coin,Coin,1174-1244 AD,artifact_dataset/images/coin/457393.jpg
coin,Coin,733-793 AD,artifact_dataset/images/coin/457556.jpg
coin,Coin,780-830 AD,artifact_dataset/images/coin/457633.jpg
coin,Coin,972-1022 AD,artifact_dataset/images/coin/457596.jpg
coin,Coin,700-1299 AD,artifact_dataset/images/coin/457404.jpg
coin,Coin,700-799 AD,artifact_dataset/images/coin/457396.jpg
coin,Coin,1000-1099 AD,artifact_dataset/images/coin/457402.jpg
coin,Coin,733-783 AD,artifact_dataset/images/coin/457081.jpg
coin,Coin,724-774 AD,artifact_dataset/images/coin/457079.jpg
coin,Coin,757-807 AD,artifact_dataset/images/coin/457092.jpg
coin,Coin,761-812 AD,artifact_dataset/images/coin/457084.jpg
coin,Coin,795-845 AD,artifact_dataset/images/coin/449658.jpg
coin,Coin,736-786 AD,artifact_dataset/images/coin/457697.jpg
coin,Coin,758-808 AD,artifact_dataset/images/coin/457698.jpg
coin,Coin,745-795 AD,artifact_dataset/images/coin/457696.jpg
coin,Coin,943-993 AD,artifact_dataset/images/coin/457682.jpg
coin,Coin,755-799 AD,artifact_dataset/images/coin/457709.jpg
coin,Coin,748-798 AD,artifact_dataset/images/coin/457451.jpg
coin,Coin,781-831 AD,artifact_dataset/images/coin/457486.jpg
coin,Coin,781-831 AD,artifact_dataset/images/coin/457474.jpg
coin,Coin,737-787 AD,artifact_dataset/images/coin/457407.jpg
coin,Coin,736-786 AD,artifact_dataset/images/coin/457461.jpg
coin,Coin,750-850 AD,artifact_dataset/images/coin/457420.jpg
coin,Coin,972-1022 AD,artifact_dataset/images/coin/457466.jpg
coin,Coin,1192-1242 AD,artifact_dataset/images/coin/457492.jpg
coin,Coin,781-831 AD,artifact_dataset/images/coin/457483.jpg
coin,Coin,781-831 AD,artifact_dataset/images/coin/457488.jpg
coin,Coin,765-815 AD,artifact_dataset/images/coin/457497.jpg
coin,Coin,772-822 AD,artifact_dataset/images/coin/457511.jpg
coin,Coin,781-831 AD,artifact_dataset/images/coin/457498.jpg
coin,Coin,724-774 AD,artifact_dataset/images/coin/457598.jpg
coin,Coin,963-1013 AD,artifact_dataset/images/coin/457518.jpg
coin,Coin,732-791 AD,artifact_dataset/images/coin/457332.jpg
coin,Coin,1005-1099 AD,artifact_dataset/images/coin/457258.jpg
coin,Coin,700-899 AD,artifact_dataset/images/coin/457337.jpg
coin,Coin,700-799 AD,artifact_dataset/images/coin/457285.jpg
coin,Coin,700-899 AD,artifact_dataset/images/coin/457273.jpg
coin,Coin,400-1399 AD,artifact_dataset/images/coin/457284.jpg
coin,Coin,693-839 AD,artifact_dataset/images/coin/457260.jpg
coin,Coin,700-799 AD,artifact_dataset/images/coin/457281.jpg
coin,Coin,400-1399 AD,artifact_dataset/images/coin/457263.jpg
coin,Coin,775-799 AD,artifact_dataset/images/coin/457264.jpg
coin,Coin,535-653 AD,artifact_dataset/images/coin/457259.jpg
coin,Coin,400-1399 AD,artifact_dataset/images/coin/457282.jpg
coin,Coin,742-800 AD,artifact_dataset/images/coin/457262.jpg
coin,Coin,700-899 AD,artifact_dataset/images/coin/457268.jpg
coin,Coin,733-793 AD,artifact_dataset/images/coin/457265.jpg
coin,Coin,725-775 AD,artifact_dataset/images/coin/457274.jpg
coin,Coin,400-1399 AD,artifact_dataset/images/coin/457277.jpg
coin,Coin,700-899 AD,artifact_dataset/images/coin/457283.jpg
coin,Coin,400-1399 AD,artifact_dataset/images/coin/457270.jpg
coin,Coin,700-899 AD,artifact_dataset/images/coin/457286.jpg
coin,Coin,700-899 AD,artifact_dataset/images/coin/457334.jpg
coin,Coin,400-1399 AD,artifact_dataset/images/coin/457294.jpg
coin,Coin,700-899 AD,artifact_dataset/images/coin/457300.jpg
coin,Coin,1000-1099 AD,artifact_dataset/images/coin/457301.jpg
coin,Coin,700-899 AD,artifact_dataset/images/coin/457289.jpg
coin,Coin,700-899 AD,artifact_dataset/images/coin/457295.jpg
coin,Coin,1200-1399 AD,artifact_dataset/images/coin/457302.jpg
coin,Coin,400-1399 AD,artifact_dataset/images/coin/457308.jpg
coin,Coin,794-1030 AD,artifact_dataset/images/coin/457333.jpg
coin,Coin,700-899 AD,artifact_dataset/images/coin/457326.jpg
coin,Coin,700-899 AD,artifact_dataset/images/coin/457311.jpg
coin,Coin,700-899 AD,artifact_dataset/images/coin/457327.jpg
coin,Coin,700-899 AD,artifact_dataset/images/coin/457292.jpg
coin,Coin,463-615 AD,artifact_dataset/images/coin/457328.jpg
coin,Coin,400-1399 AD,artifact_dataset/images/coin/457298.jpg
coin,Coin,775-799 AD,artifact_dataset/images/coin/457312.jpg
coin,Coin,400-1399 AD,artifact_dataset/images/coin/457290.jpg
coin,Coin,693-839 AD,artifact_dataset/images/coin/457331.jpg
coin,Coin,745-795 AD,artifact_dataset/images/coin/457296.jpg
coin,Coin,725-775 AD,artifact_dataset/images/coin/457318.jpg
coin,Coin,700-799 AD,artifact_dataset/images/coin/457320.jpg
coin,Coin,733-793 AD,artifact_dataset/images/coin/457319.jpg
coin,Coin,700-899 AD,artifact_dataset/images/coin/457321.jpg
coin,Coin,733-793 AD,artifact_dataset/images/coin/457309.jpg
coin,Coin,725-775 AD,artifact_dataset/images/coin/457340.jpg
coin,Coin,729-779 AD,artifact_dataset/images/coin/457303.jpg
coin,Coin,724-774 AD,artifact_dataset/images/coin/457329.jpg
coin,Coin,739-789 AD,artifact_dataset/images/coin/457276.jpg
coin,Coin,745-795 AD,artifact_dataset/images/coin/457272.jpg
coin,Coin,944-994 AD,artifact_dataset/images/coin/457314.jpg
coin,Coin,723-773 AD,artifact_dataset/images/coin/457325.jpg
coin,Coin,745-795 AD,artifact_dataset/images/coin/457316.jpg
coin,Coin,736-786 AD,artifact_dataset/images/coin/457305.jpg
coin,Coin,736-786 AD,artifact_dataset/images/coin/457330.jpg
coin,Coin,765-815 AD,artifact_dataset/images/coin/457297.jpg
coin,Coin,745-797 AD,artifact_dataset/images/coin/457299.jpg
coin,Coin,750-1258 AD,artifact_dataset/images/coin/457266.jpg
coin,Coin,781-831 AD,artifact_dataset/images/coin/457322.jpg
coin,Coin,737-787 AD,artifact_dataset/images/coin/457339.jpg
coin,Coin,743-793 AD,artifact_dataset/images/coin/457279.jpg
coin,Coin,740-790 AD,artifact_dataset/images/coin/457261.jpg
coin,Coin,745-795 AD,artifact_dataset/images/coin/457315.jpg
coin,Coin,745-795 AD,artifact_dataset/images/coin/457280.jpg
coin,Coin,748-798 AD,artifact_dataset/images/coin/457338.jpg
coin,Coin,795-845 AD,artifact_dataset/images/coin/457313.jpg
coin,Coin,933-983 AD,artifact_dataset/images/coin/457310.jpg
coin,Coin,951-1004 AD,artifact_dataset/images/coin/457665.jpg
coin,Coin,944-994 AD,artifact_dataset/images/coin/457075.jpg
coin,Coin,724-774 AD,artifact_dataset/images/coin/457077.jpg
coin,Coin,961-1011 AD,artifact_dataset/images/coin/457104.jpg
coin,Coin,750-799 AD,artifact_dataset/images/coin/457083.jpg
coin,Coin,724-774 AD,artifact_dataset/images/coin/457076.jpg
coin,Coin,876-926 AD,artifact_dataset/images/coin/457687.jpg
coin,Coin,1179-1229 AD,artifact_dataset/images/coin/457695.jpg
coin,Coin,800-850 AD,artifact_dataset/images/coin/457691.jpg
coin,Coin,737-787 AD,artifact_dataset/images/coin/457692.jpg
coin,Coin,723-773 AD,artifact_dataset/images/coin/457436.jpg
coin,Coin,745-795 AD,artifact_dataset/images/coin/457445.jpg
coin,Coin,765-815 AD,artifact_dataset/images/coin/457480.jpg
coin,Coin,777-827 AD,artifact_dataset/images/coin/457509.jpg
coin,Coin,795-845 AD,artifact_dataset/images/coin/457552.jpg
coin,Coin,745-795 AD,artifact_dataset/images/coin/457564.jpg
coin,Coin,860-910 AD,artifact_dataset/images/coin/457504.jpg
coin,Coin,958-1009 AD,artifact_dataset/images/coin/457107.jpg
coin,Coin,934-984 AD,artifact_dataset/images/coin/457116.jpg
coin,Coin,949-999 AD,artifact_dataset/images/coin/457106.jpg
coin,Coin,779-829 AD,artifact_dataset/images/coin/457115.jpg
coin,Coin,952-1002 AD,artifact_dataset/images/coin/457112.jpg
coin,Coin,949-999 AD,artifact_dataset/images/coin/457144.jpg
coin,Coin,949-999 AD,artifact_dataset/images/coin/457184.jpg
coin,Coin,952-1002 AD,artifact_dataset/images/coin/457188.jpg
coin,Coin,952-1003 AD,artifact_dataset/images/coin/457222.jpg
coin,Coin,954-1004 AD,artifact_dataset/images/coin/457215.jpg
coin,Coin,960-1011 AD,artifact_dataset/images/coin/457232.jpg
coin,Coin,949-999 AD,artifact_dataset/images/coin/457185.jpg
coin,Coin,960-1010 AD,artifact_dataset/images/coin/457247.jpg
coin,Coin,400-1399 AD,artifact_dataset/images/coin/457380.jpg
coin,Coin,749-810 AD,artifact_dataset/images/coin/457373.jpg
coin,Coin,795-845 AD,artifact_dataset/images/coin/457623.jpg
coin,Coin,1175-1225 AD,artifact_dataset/images/coin/457103.jpg
coin,Coin,1075-1225 AD,artifact_dataset/images/coin/457694.jpg
coin,Coin,700-825 AD,artifact_dataset/images/coin/457431.jpg
coin,Coin,1175-1225 AD,artifact_dataset/images/coin/457384.jpg
coin,Coin,700-825 AD,artifact_dataset/images/coin/457395.jpg
coin,Coin,1175-1225 AD,artifact_dataset/images/coin/457391.jpg
coin,Coin,270-275 AD,artifact_dataset/images/coin/465758.jpg
coin,Coin,1174-1245 AD,artifact_dataset/images/coin/457094.jpg
coin,Coin,1291-1360 AD,artifact_dataset/images/coin/457343.jpg
coin,Coin,733-793 AD,artifact_dataset/images/coin/457693.jpg
coin,Coin,951-1022 AD,artifact_dataset/images/coin/457667.jpg
coin,Coin,733-793 AD,artifact_dataset/images/coin/457688.jpg
coin,Coin,733-793 AD,artifact_dataset/images/coin/457701.jpg
coin,Coin,1174-1244 AD,artifact_dataset/images/coin/457383.jpg
coin,Coin,1174-1244 AD,artifact_dataset/images/coin/457385.jpg
coin,Coin,951-1022 AD,artifact_dataset/images/coin/457477.jpg
coin,Coin,761-833 AD,artifact_dataset/images/coin/457493.jpg
coin,Coin,972-1023 AD,artifact_dataset/images/coin/457450.jpg
coin,Coin,788-844 AD,artifact_dataset/images/coin/457432.jpg
coin,Coin,750-801 AD,artifact_dataset/images/coin/457437.jpg
coin,Coin,760-811 AD,artifact_dataset/images/coin/457495.jpg
coin,Coin,761-833 AD,artifact_dataset/images/coin/457521.jpg
coin,Coin,761-833 AD,artifact_dataset/images/coin/457534.jpg
coin,Coin,951-1022 AD,artifact_dataset/images/coin/457578.jpg
coin,Coin,1075-1225 AD,artifact_dataset/images/coin/457664.jpg
coin,Coin,1075-1231 AD,artifact_dataset/images/coin/457650.jpg
coin,Coin,1174-1244 AD,artifact_dataset/images/coin/457656.jpg
coin,Coin,1291-1360 AD,artifact_dataset/images/coin/457630.jpg
coin,Coin,654-1256 AD,artifact_dataset/images/coin/457661.jpg
coin,Coin,750-801 AD,artifact_dataset/images/coin/457658.jpg
coin,Coin,749-810 AD,artifact_dataset/images/coin/457640.jpg
coin,Coin,733-793 AD,artifact_dataset/images/coin/457646.jpg
coin,Coin,748-798 AD,artifact_dataset/images/coin/457595.jpg
coin,Coin,733-793 AD,artifact_dataset/images/coin/457612.jpg
coin,Coin,733-793 AD,artifact_dataset/images/coin/457601.jpg
coin,Coin,733-793 AD,artifact_dataset/images/coin/457619.jpg
coin,Coin,910-1073 AD,artifact_dataset/images/coin/457592.jpg
coin,Coin,733-793 AD,artifact_dataset/images/coin/457624.jpg
coin,Coin,1291-1360 AD,artifact_dataset/images/coin/457614.jpg
coin,Coin,788-842 AD,artifact_dataset/images/coin/457603.jpg
coin,Coin,733-793 AD,artifact_dataset/images/coin/457608.jpg
coin,Coin,1174-1244 AD,artifact_dataset/images/coin/457625.jpg
coin,Coin,961-1011 AD,artifact_dataset/images/coin/457105.jpg
coin,Coin,889-939 AD,artifact_dataset/images/coin/457669.jpg
coin,Coin,844-917 AD,artifact_dataset/images/coin/457690.jpg
coin,Coin,760-811 AD,artifact_dataset/images/coin/457459.jpg
coin,Coin,951-1022 AD,artifact_dataset/images/coin/457462.jpg
coin,Coin,722-778 AD,artifact_dataset/images/coin/457422.jpg
coin,Coin,1174-1244 AD,artifact_dataset/images/coin/457394.jpg
coin,Coin,951-1022 AD,artifact_dataset/images/coin/457522.jpg
coin,Coin,768-827 AD,artifact_dataset/images/coin/457510.jpg
coin,Coin,733-793 AD,artifact_dataset/images/coin/457555.jpg
coin,Coin,751-804 AD,artifact_dataset/images/coin/457519.jpg
coin,Coin,749-809 AD,artifact_dataset/images/coin/457502.jpg
coin,Coin,751-804 AD,artifact_dataset/images/coin/457291.jpg
coin,Coin,733-793 AD,artifact_dataset/images/coin/457287.jpg
coin,Coin,651-1022 AD,artifact_dataset/images/coin/457306.jpg
coin,Coin,951-1022 AD,artifact_dataset/images/coin/457288.jpg
coin,Coin,733-793 AD,artifact_dataset/images/coin/457271.jpg
coin,Coin,738-811 AD,artifact_dataset/images/coin/457304.jpg
coin,Coin,694-841 AD,artifact_dataset/images/coin/457336.jpg
coin,Coin,733-793 AD,artifact_dataset/images/coin/457317.jpg
coin,Coin,1005-1099 AD,artifact_dataset/images/coin/457293.jpg
coin,Coin,733-793 AD,artifact_dataset/images/coin/457269.jpg
coin,Coin,732-791 AD,artifact_dataset/images/coin/457324.jpg
coin,Coin,1075-1225 AD,artifact_dataset/images/coin/457335.jpg
coin,Coin,1000-1099 AD,artifact_dataset/images/coin/468337.jpg
coin,Coin of Kanishka,120-140 AD,artifact_dataset/images/coin/39385.jpg
coin,Coin of Huvishka,150-180 AD,artifact_dataset/images/coin/39386.jpg
coin,Coin of Huvishka,150-180 AD,artifact_dataset/images/coin/39430.jpg
coin,Coin,684-685 AD,artifact_dataset/images/coin/323497.jpg
coin,Coin,684-685 AD,artifact_dataset/images/coin/323503.jpg
coin,Coin,684-685 AD,artifact_dataset/images/coin/323491.jpg
coin,Coin,684-685 AD,artifact_dataset/images/coin/323500.jpg
coin,Coin,684-685 AD,artifact_dataset/images/coin/323495.jpg
coin,Coin,684-685 AD,artifact_dataset/images/coin/323496.jpg
coin,Coin,684-685 AD,artifact_dataset/images/coin/323499.jpg
coin,Coin,684-685 AD,artifact_dataset/images/coin/323493.jpg
coin,Coin,686-687 AD,artifact_dataset/images/coin/323490.jpg
coin,Coin,684-685 AD,artifact_dataset/images/coin/323498.jpg
coin,Coin,684-685 AD,artifact_dataset/images/coin/323515.jpg
coin,Coin,1068-1077 AD,artifact_dataset/images/coin/323504.jpg
coin,Coin,691-692 AD,artifact_dataset/images/coin/323494.jpg
coin,Coin,684-685 AD,artifact_dataset/images/coin/323501.jpg
coin,Coin,684-685 AD,artifact_dataset/images/coin/323502.jpg
coin,Coin,686-696 AD,artifact_dataset/images/coin/323514.jpg
coin,Coin,1100-1199 AD,artifact_dataset/images/coin/457618.jpg
coin,Coin of  Vasudeva,185-220 AD,artifact_dataset/images/coin/39387.jpg
coin,Coin,976-1034 AD,artifact_dataset/images/coin/468338.jpg
coin,Coin,300-399 AD,artifact_dataset/images/coin/465759.jpg
coin,Coin,973-1055 AD,artifact_dataset/images/coin/457307.jpg
coin,Coin,749-799 AD,artifact_dataset/images/coin/457439.jpg
coin,Coin inscribed “Chong Ning Tong Bao”,1102-1106 AD,artifact_dataset/images/coin/75816.jpg
coin,Terracotta coin molds,308-320 AD,artifact_dataset/images/coin/254990.jpg
coin,Bronze coin of Cyzicus,222-235 AD,artifact_dataset/images/coin/248047.jpg
coin,Coin,951-1002 AD,artifact_dataset/images/coin/444956.jpg
coin,Gold Coin Showing King Kumaragupta as an Archer,415-455 AD,artifact_dataset/images/coin/39405.jpg
coin,Gold Coin Showing King Chandragupta II as an Archer,366-424 AD,artifact_dataset/images/coin/39406.jpg
coin,Die for a Coin,1306-1316 AD,artifact_dataset/images/coin/449678.jpg
coin,Gold necklace with coin pendants,200-299 AD,artifact_dataset/images/coin/249215.jpg
coin,Coin (Denier) of Henry I of Cyprus (1218–1253),1218-1253 AD,artifact_dataset/images/coin/26502.jpg
coin,Coin Weight,1000-1099 AD,artifact_dataset/images/coin/453527.jpg
coin,Coin Weight,1000-1099 AD,artifact_dataset/images/coin/453526.jpg
coin,Coin Weight,1000-1099 AD,artifact_dataset/images/coin/453528.jpg
coin,Coin Weight,800-999 AD,artifact_dataset/images/coin/454680.jpg
coin,Coin Weight,783-835 AD,artifact_dataset/images/coin/453506.jpg
coin,Coin Weight,1000-1099 AD,artifact_dataset/images/coin/442876.jpg
coin,Coin Weight,1000-1099 AD,artifact_dataset/images/coin/442896.jpg
coin,Coin Weight,1000-1299 AD,artifact_dataset/images/coin/442887.jpg
coin,Coin Weight,1000-1099 AD,artifact_dataset/images/coin/442898.jpg
coin,Coin Weight,1000-1099 AD,artifact_dataset/images/coin/442893.jpg
coin,Coin Weight,1100-1399 AD,artifact_dataset/images/coin/442886.jpg
coin,Coin Weight,600-899 AD,artifact_dataset/images/coin/442888.jpg
coin,Coin Weight,1000-1099 AD,artifact_dataset/images/coin/442892.jpg
coin,Coin Weight,900-1199 AD,artifact_dataset/images/coin/453512.jpg
coin,Coin Weight,1000-1099 AD,artifact_dataset/images/coin/453543.jpg
coin,Coin Weight,1000-1099 AD,artifact_dataset/images/coin/453536.jpg
coin,Coin Weight,1200-1399 AD,artifact_dataset/images/coin/453554.jpg
coin,Coin Weight,1000-1099 AD,artifact_dataset/images/coin/453539.jpg
coin,Coin Weight,900-1199 AD,artifact_dataset/images/coin/453515.jpg
coin,Coin Weight,1100-1199 AD,artifact_dataset/images/coin/453546.jpg
coin,Coin Weight,900-1199 AD,artifact_dataset/images/coin/453511.jpg
coin,Coin Weight,900-1199 AD,artifact_dataset/images/coin/453517.jpg
coin,Coin Weight,900-1099 AD,artifact_dataset/images/coin/453523.jpg
coin,Coin Weight,1200-1399 AD,artifact_dataset/images/coin/453553.jpg
coin,Coin Weight,900-1199 AD,artifact_dataset/images/coin/453513.jpg
coin,Coin Weight,1000-1099 AD,artifact_dataset/images/coin/453537.jpg
coin,Coin Weight,1200-1399 AD,artifact_dataset/images/coin/453555.jpg
coin,Coin Weight,900-1199 AD,artifact_dataset/images/coin/453514.jpg
coin,Coin Weight,1000-1199 AD,artifact_dataset/images/coin/453509.jpg
coin,Coin Weight,1100-1199 AD,artifact_dataset/images/coin/453545.jpg
coin,Coin Weight,900-1199 AD,artifact_dataset/images/coin/453516.jpg
coin,Coin Weight,1200-1399 AD,artifact_dataset/images/coin/453557.jpg
coin,Coin Weight,1200-1399 AD,artifact_dataset/images/coin/453556.jpg
coin,Coin Weight,1200-1399 AD,artifact_dataset/images/coin/453559.jpg
coin,Coin Weight,800-999 AD,artifact_dataset/images/coin/454678.jpg
coin,Coin Weight,800-999 AD,artifact_dataset/images/coin/454679.jpg
coin,Coin Weight,800-999 AD,artifact_dataset/images/coin/454681.jpg
coin,Coin Weight,1200-1399 AD,artifact_dataset/images/coin/445376.jpg
coin,Coin Weight,1000-1099 AD,artifact_dataset/images/coin/442875.jpg
coin,Coin Weight,1000-1099 AD,artifact_dataset/images/coin/442884.jpg
coin,Coin Weight,1000-1099 AD,artifact_dataset/images/coin/442879.jpg
coin,Coin Weight,1000-1099 AD,artifact_dataset/images/coin/442897.jpg
coin,Coin Weight,1000-1099 AD,artifact_dataset/images/coin/442889.jpg
coin,Coin Weight,1000-1099 AD,artifact_dataset/images/coin/442890.jpg
coin,Coin Weight,1000-1099 AD,artifact_dataset/images/coin/442885.jpg
coin,Coin Weight,900-1099 AD,artifact_dataset/images/coin/442899.jpg
coin,Coin Weight,1200-1399 AD,artifact_dataset/images/coin/442878.jpg
coin,Coin Weight,1000-1099 AD,artifact_dataset/images/coin/442891.jpg
coin,Coin Weight,1000-1099 AD,artifact_dataset/images/coin/442881.jpg
coin,Coin Weight,900-1399 AD,artifact_dataset/images/coin/443178.jpg
coin,Coin Weight,1100-1199 AD,artifact_dataset/images/coin/453420.jpg
coin,Coin Weight,1000-1099 AD,artifact_dataset/images/coin/453531.jpg
coin,Coin Weight,900-1099 AD,artifact_dataset/images/coin/453525.jpg
coin,Coin Weight,900-1099 AD,artifact_dataset/images/coin/453518.jpg
coin,Coin Weight,1100-1199 AD,artifact_dataset/images/coin/453549.jpg
coin,Coin Weight,1100-1199 AD,artifact_dataset/images/coin/453551.jpg
coin,Coin Weight,900-1099 AD,artifact_dataset/images/coin/453522.jpg
coin,Coin Weight,1100-1199 AD,artifact_dataset/images/coin/453550.jpg
coin,Coin Weight,1000-1099 AD,artifact_dataset/images/coin/453540.jpg
coin,Coin Weight,1000-1099 AD,artifact_dataset/images/coin/453542.jpg
coin,Coin Weight,900-1099 AD,artifact_dataset/images/coin/453524.jpg
coin,Coin Weight,1100-1199 AD,artifact_dataset/images/coin/453548.jpg
coin,Coin Weight,1000-1099 AD,artifact_dataset/images/coin/453544.jpg
coin,Coin Weight,900-1099 AD,artifact_dataset/images/coin/453510.jpg
coin,Coin Weight,900-1099 AD,artifact_dataset/images/coin/453521.jpg
coin,Coin Weight,1100-1299 AD,artifact_dataset/images/coin/453552.jpg
coin,Coin Weight,1000-1099 AD,artifact_dataset/images/coin/453535.jpg
coin,Coin Weight,1000-1099 AD,artifact_dataset/images/coin/453541.jpg
coin,Coin Weight,1000-1099 AD,artifact_dataset/images/coin/453529.jpg
coin,Coin Weight,1000-1199 AD,artifact_dataset/images/coin/453547.jpg
coin,Coin Weight,1100-1299 AD,artifact_dataset/images/coin/453568.jpg
coin,Coin Weight,1100-1199 AD,artifact_dataset/images/coin/445373.jpg
coin,Coin Weight,1000-1099 AD,artifact_dataset/images/coin/445375.jpg
coin,Coin Weight,1100-1199 AD,artifact_dataset/images/coin/445370.jpg
coin,Coin Weight,1000-1099 AD,artifact_dataset/images/coin/445369.jpg
coin,Coin Weight,1000-1099 AD,artifact_dataset/images/coin/442883.jpg
coin,Coin Weight,1000-1099 AD,artifact_dataset/images/coin/453532.jpg
coin,Coin Weight,900-1099 AD,artifact_dataset/images/coin/453520.jpg
coin,Coin Weight,1000-1099 AD,artifact_dataset/images/coin/453538.jpg
coin,Coin Weight,1000-1099 AD,artifact_dataset/images/coin/453530.jpg
coin,Coin Weight,900-1099 AD,artifact_dataset/images/coin/453519.jpg
coin,Coin Weight,1000-1050 AD,artifact_dataset/images/coin/453533.jpg
coin,Coin Weight,1000-1099 AD,artifact_dataset/images/coin/453534.jpg
coin,Coin Weight,1250-1399 AD,artifact_dataset/images/coin/443186.jpg
coin,Coin Weight,1000-1099 AD,artifact_dataset/images/coin/443182.jpg
coin,Coin Weight,1250-1399 AD,artifact_dataset/images/coin/443188.jpg
coin,Coin Weight,1200-1399 AD,artifact_dataset/images/coin/443180.jpg
coin,Coin Weight,1200-1399 AD,artifact_dataset/images/coin/443177.jpg
coin,Coin Weight,1100-1399 AD,artifact_dataset/images/coin/443195.jpg
coin,Coin Weight,1000-1199 AD,artifact_dataset/images/coin/443187.jpg
coin,Coin Weight,1200-1399 AD,artifact_dataset/images/coin/443181.jpg
coin,Coin Weight,900-1199 AD,artifact_dataset/images/coin/443183.jpg
coin,Coin Weight,1200-1399 AD,artifact_dataset/images/coin/443185.jpg
coin,Coin Weight,1100-1199 AD,artifact_dataset/images/coin/443193.jpg
coin,Coin Weight,700-799 AD,artifact_dataset/images/coin/443191.jpg
coin,Coin Weight,1000-1099 AD,artifact_dataset/images/coin/443179.jpg
coin,Coin Weight,1000-1099 AD,artifact_dataset/images/coin/443194.jpg
coin,Coin Weight,1000-1036 AD,artifact_dataset/images/coin/443189.jpg
coin,Coin Weight,900-1199 AD,artifact_dataset/images/coin/443184.jpg
coin,Coin Weight,753-803 AD,artifact_dataset/images/coin/443192.jpg
coin,Coin Weight,1100-1199 AD,artifact_dataset/images/coin/445377.jpg
coin,Coin Weight,1100-1199 AD,artifact_dataset/images/coin/445372.jpg
coin,Coin Weight,1000-1099 AD,artifact_dataset/images/coin/445374.jpg
coin,Coin Weight,1000-1099 AD,artifact_dataset/images/coin/445371.jpg
coin,Gold Dinar,1000-1299 AD,artifact_dataset/images/coin/330142.jpg
coin,Dinar,673-724 AD,artifact_dataset/images/coin/453447.jpg
coin,Dirham,686-737 AD,artifact_dataset/images/coin/444958.jpg
coin,Coins,300-699 AD,artifact_dataset/images/coin/479347.jpg
coin,Dirham of Ghiyath al-Din Kai Khusrau II (r. 1239–46); Astrological Device (Sun-Lion),1215-1266 AD,artifact_dataset/images/coin/454764.jpg
coin,Dirham of Nasir al-Din Mahmud (r. 1201–22): Double-Headed Bird of Prey,1193-1244 AD,artifact_dataset/images/coin/454763.jpg
coin,Histamenon of Constantine IX Monomachos (1042-55),1042-1055 AD,artifact_dataset/images/coin/470471.jpg
coin,Quarter Noble of Henry VI (1422-61),1400-1499 AD,artifact_dataset/images/coin/469088.jpg
coin,Dinar,1003-1053 AD,artifact_dataset/images/coin/444855.jpg
coin,Dirham of Nasir al-Din Artuq Arslan (r. 1200-1239),1185-1235 AD,artifact_dataset/images/coin/444858.jpg
coin,Dirham of Husain al-Din Yuluk Arslan (r. 1184–1200),1163-1214 AD,artifact_dataset/images/coin/453471.jpg
coin,Noble of Edward III,1350-1350 AD,artifact_dataset/images/coin/477816.jpg
coin,Coin with Rose Noble and Edward IV,1464-1470 AD,artifact_dataset/images/coin/475175.jpg
coin,Dirham of Ghiyath al-Din Kai Khusrau II (r. 1237–46),1218-1268 AD,artifact_dataset/images/coin/453444.jpg
coin,Coin Nomisma Isaac II,1101-1200 AD,artifact_dataset/images/coin/32954.jpg
coin,Coin Noble Edward III,1355-1365 AD,artifact_dataset/images/coin/32955.jpg
coin,Gold Tremissis of Theophilos,831-842 AD,artifact_dataset/images/coin/464812.jpg
coin,Shaftsbury Penny,1000-1099 AD,artifact_dataset/images/coin/469072.jpg
coin,Septimius Severus Denarius,200-201 AD,artifact_dataset/images/coin/469172.jpg
coin,Wessex Penny,861-866 AD,artifact_dataset/images/coin/469171.jpg
coin,Bronze Coins,300-699 AD,artifact_dataset/images/coin/478754.jpg
coin,Drachm of Alexander the Great,200-500 AD,artifact_dataset/images/coin/464907.jpg
coin,Mouton of Jean the Good,1350-1364 AD,artifact_dataset/images/coin/469170.jpg
coin,Rose Noble of Edward IV (1461-1483),1461-1483 AD,artifact_dataset/images/coin/462738.jpg
coin,Noble of Edward III (r. 1327–77),1361-1361 AD,artifact_dataset/images/coin/469166.jpg
coin,Florin d'or of John The Good,1300-1399 AD,artifact_dataset/images/coin/469076.jpg
coin,Quarter Noble of Edward III (r. 1327–77),1327-1377 AD,artifact_dataset/images/coin/469167.jpg
coin,Quarter Noble of Edward III (r. 1327–77),1327-1377 AD,artifact_dataset/images/coin/469168.jpg
coin,Solidus of Phocas ( r. 602–10),600-699 AD,artifact_dataset/images/coin/466048.jpg
coin,Franc à Cheval of John the Good,1350-1364 AD,artifact_dataset/images/coin/469075.jpg
coin,"Rose Noble, Edward IV (1461-1483)",1464-1470 AD,artifact_dataset/images/coin/477817.jpg
coin,Coin (Noble) Showing Henry VI,1422-1461 AD,artifact_dataset/images/coin/32960.jpg
coin,Coin of The Senones,200-500 AD,artifact_dataset/images/coin/464969.jpg
coin,Coin (Franc) Showing Charles V,1364-1380 AD,artifact_dataset/images/coin/32959.jpg
coin,Coin (Franc) Showing Charles V,1301-1400 AD,artifact_dataset/images/coin/32847.jpg
coin,Coin of Justin II,500-599 AD,artifact_dataset/images/coin/465912.jpg
coin,Coin (Franc) Showing Jean le Bon,1350-1364 AD,artifact_dataset/images/coin/32958.jpg
coin,"Coin (Noble, Rose) Showing Edward IV",1461-1483 AD,artifact_dataset/images/coin/32961.jpg
coin,Coin of Basil I,800-899 AD,artifact_dataset/images/coin/465911.jpg
coin,Coin (Franc) Showing Jean Le Bon,1350-1364 AD,artifact_dataset/images/coin/32957.jpg
coin,Coin Showing Ludwig III (Louis III (the Pious)),1101-1200 AD,artifact_dataset/images/coin/32846.jpg
coin,"Coin of Roger I, Duke of Sicily",1072-1105 AD,artifact_dataset/images/coin/32363.jpg
coin,Large Piloncito Coin,750-999 AD,artifact_dataset/images/coin/50076.jpg
coin,Large Piloncito Coin,750-999 AD,artifact_dataset/images/coin/50075.jpg
coin,Drachm of Bahram IV,388-399 AD,artifact_dataset/images/coin/322363.jpg
coin,Coin (Thaler) Showing Archduke Sigismund,1486-1486 AD,artifact_dataset/images/coin/32962.jpg
coin,Tetradrachm,212-213 AD,artifact_dataset/images/coin/322362.jpg
coin,Drachm,147-191 AD,artifact_dataset/images/coin/322361.jpg
coin,Drachm,110-129 AD,artifact_dataset/images/coin/322360.jpg
coin,Drachm,629-629 AD,artifact_dataset/images/coin/323485.jpg
coin,"Coin, 1/6 unit",224-241 AD,artifact_dataset/images/coin/323482.jpg
coin,"Coin, 1/6 unit",224-241 AD,artifact_dataset/images/coin/323480.jpg
coin,Dirhem,689-690 AD,artifact_dataset/images/coin/323481.jpg
coin,Dirhem,689-690 AD,artifact_dataset/images/coin/323484.jpg
coin,Fals,777-777 AD,artifact_dataset/images/coin/323507.jpg
coin,Dirhem,677-677 AD,artifact_dataset/images/coin/323486.jpg
coin,Fals,762-763 AD,artifact_dataset/images/coin/323487.jpg
coin,Fals,777-777 AD,artifact_dataset/images/coin/323506.jpg
coin,Dirhem,688-689 AD,artifact_dataset/images/coin/323483.jpg
coin,Fals,777-778 AD,artifact_dataset/images/coin/323488.jpg
coin,Obol,273-276 AD,artifact_dataset/images/coin/323477.jpg
coin,Solidus of Heraclius,610-641 AD,artifact_dataset/images/coin/323248.jpg
coin,Obol,241-245 AD,artifact_dataset/images/coin/323476.jpg
coin,Dinar,1177-1194 AD,artifact_dataset/images/coin/323475.jpg
coin,Drachm,420-438 AD,artifact_dataset/images/coin/322365.jpg
coin,Drachm,399-420 AD,artifact_dataset/images/coin/322364.jpg
coin,Coin/Pendant,300-399 AD,artifact_dataset/images/coin/465540.jpg
coin,Coin and Bead Fragments,300-699 AD,artifact_dataset/images/coin/478768.jpg
coin,Nomisma of Alexius III (1105-1203),1150-1350 AD,artifact_dataset/images/coin/32956.jpg
coin,Collar with medallions containing coins of emperors,225-225 AD,artifact_dataset/images/coin/547949.jpg
coin,William I Penny,1066-1066 AD,artifact_dataset/images/coin/477845.jpg
coin,Fifty-Four Small Piloncito Coins,750-999 AD,artifact_dataset/images/coin/50073.jpg
coin,Eighteen Medium Piloncito Coins,750-999 AD,artifact_dataset/images/coin/50074.jpg
coin,Anglo-Saxon Sceat,600-800 AD,artifact_dataset/images/coin/468740.jpg
coin,Groat of Henry VI,1422-1427 AD,artifact_dataset/images/coin/477846.jpg
sculpture,Sculpture,1000-1199 AD,artifact_dataset/images/sculpture/449853.jpg
sculpture,Sculpture of a Wise Man (from a Group with the Adoration of the Magi),1172-1203 AD,artifact_dataset/images/sculpture/471050.jpg
sculpture,Buddha Protected by a Seven-headed Naga,1167-1233 AD,artifact_dataset/images/sculpture/38451.jpg
sculpture,Virgin and Child (from an group with the Adoration of the Magi),1172-1203 AD,artifact_dataset/images/sculpture/471052.jpg
sculpture,Wise Man (from a group with the Adoration of the Magi),1172-1203 AD,artifact_dataset/images/sculpture/471051.jpg
sculpture,Joseph (from a group with the Adoration of the Magi),1172-1203 AD,artifact_dataset/images/sculpture/471053.jpg
sculpture,Sculpture of an Enthroned King,1230-1235 AD,artifact_dataset/images/sculpture/466379.jpg
sculpture,Lectern for the Reading of the Gospels with the Eagle of Saint John the Evangelist,1301-1301 AD,artifact_dataset/images/sculpture/465937.jpg
sculpture,Sculpture of Moses with Tablets of the Law,1167-1173 AD,artifact_dataset/images/sculpture/471850.jpg
sculpture,Column Statue of a King,1150-1160 AD,artifact_dataset/images/sculpture/466311.jpg
sculpture,Table Base with Jonah Swallowed and Cast Up by the Big Fish,300-325 AD,artifact_dataset/images/sculpture/468759.jpg
sculpture,Sculpture of a Kneeling Knight or King,1150-1250 AD,artifact_dataset/images/sculpture/34022.jpg
sculpture,The Visitation,1310-1320 AD,artifact_dataset/images/sculpture/464596.jpg
sculpture,"Jizō, Bodhisattva of the Earth Store (Kshitigarbha)",1050-1400 AD,artifact_dataset/images/sculpture/53175.jpg
sculpture,Fragment of a Figure,1222-1228 AD,artifact_dataset/images/sculpture/471825.jpg
sculpture,Enthroned Virgin and Child,1130-1140 AD,artifact_dataset/images/sculpture/470311.jpg
sculpture,Torso of Christ,1150-1199 AD,artifact_dataset/images/sculpture/472310.jpg
sculpture,"Seated Bodhisattva Maitreya, the Buddha of the Future",800-899 AD,artifact_dataset/images/sculpture/39032.jpg
sculpture,"Eleven-Headed Avalokiteshvara, the Bodhisattva of Infinite Compassion",900-999 AD,artifact_dataset/images/sculpture/38959.jpg
sculpture,Vishvarupa Vishnu,500-599 AD,artifact_dataset/images/sculpture/38251.jpg
sculpture,Angel,1117-1123 AD,artifact_dataset/images/sculpture/471262.jpg
sculpture,The Resurrection,1375-1375 AD,artifact_dataset/images/sculpture/23345.jpg
sculpture,Sculpture fragment,200-699 AD,artifact_dataset/images/sculpture/322763.jpg
sculpture,The Resurrection,1401-1500 AD,artifact_dataset/images/sculpture/27632.jpg
sculpture,Bodhisattva Avalokiteshvara,600-699 AD,artifact_dataset/images/sculpture/77918.jpg
sculpture,The Boy Attendants Kongara Dōji and Seitaka Dōji,1340-1360 AD,artifact_dataset/images/sculpture/757344.jpg
sculpture,Sculpture Fragment,300-699 AD,artifact_dataset/images/sculpture/478555.jpg
sculpture,Enthroned Virgin and Child,1150-1200 AD,artifact_dataset/images/sculpture/471853.jpg
sculpture,Sculpture Fragment,300-699 AD,artifact_dataset/images/sculpture/478561.jpg
sculpture,Crowned and Jeweled Buddha,750-950 AD,artifact_dataset/images/sculpture/39340.jpg
sculpture,The Priest Aaron,1170-1170 AD,artifact_dataset/images/sculpture/466404.jpg
sculpture,Right hand of Buddha,540-570 AD,artifact_dataset/images/sculpture/61650.jpg
sculpture,Crucifix,1125-1150 AD,artifact_dataset/images/sculpture/469881.jpg
sculpture,Sculpture of Bhairava,1150-1450 AD,artifact_dataset/images/sculpture/49697.jpg
sculpture,Saint George Slaying the Dragon,1475-1485 AD,artifact_dataset/images/sculpture/463787.jpg
sculpture,Sculpture of a Winged Ox,1300-1499 AD,artifact_dataset/images/sculpture/470879.jpg
sculpture,Virgin and Child,1300-1300 AD,artifact_dataset/images/sculpture/477235.jpg
sculpture,Sculpture of the Buddha,750-999 AD,artifact_dataset/images/sculpture/49710.jpg
sculpture,Possibly a Sculpture or Whistle,700-1199 AD,artifact_dataset/images/sculpture/449891.jpg
sculpture,Sculpture of God The Father from Frame,1475-1499 AD,artifact_dataset/images/sculpture/463695.jpg
sculpture,Sculpture of Vairochana with Attached Nimbus,900-1099 AD,artifact_dataset/images/sculpture/49712.jpg
sculpture,Small Whip for Sculpture of Deity,750-999 AD,artifact_dataset/images/sculpture/50111.jpg
sculpture,Seated Figure (Prophet or Apostle),1197-1203 AD,artifact_dataset/images/sculpture/471261.jpg
sculpture,Figure of an animal,600-800 AD,artifact_dataset/images/sculpture/322768.jpg
sculpture,Haniwa (hollow clay sculpture) of a boar,400-499 AD,artifact_dataset/images/sculpture/44834.jpg
sculpture,Haniwa (Hollow Clay Sculpture) of a Shaman,400-533 AD,artifact_dataset/images/sculpture/44832.jpg
sculpture,Haniwa (Hollow Clay Sculpture) of a Warrior,400-533 AD,artifact_dataset/images/sculpture/44833.jpg
sculpture,Monster-Headed Male Deity with Consort,900-1099 AD,artifact_dataset/images/sculpture/39082.jpg
sculpture,Linga (Phallic Emblem) with Four Standing Deities,900-1099 AD,artifact_dataset/images/sculpture/38147.jpg
sculpture,"Seated Buddha Protected by Naga (front), Dancing Multi-Headed Hevajra (back)",1200-1299 AD,artifact_dataset/images/sculpture/64926.jpg
sculpture,God of the Trinity,1295-1305 AD,artifact_dataset/images/sculpture/711012.jpg
sculpture,Head of a king,300-400 AD,artifact_dataset/images/sculpture/325717.jpg
sculpture,Figure of an animal,200-699 AD,artifact_dataset/images/sculpture/323056.jpg
sculpture,"Figure of an elephant, possibly a chessman",500-700 AD,artifact_dataset/images/sculpture/324052.jpg
sculpture,Hand of a Buddha,794-910 AD,artifact_dataset/images/sculpture/62375.jpg
sculpture,Boy Mourner resting on Helmet and Shield,1475-1499 AD,artifact_dataset/images/sculpture/467623.jpg
sculpture,Standing Buddha Flanked by Disciples,1200-1249 AD,artifact_dataset/images/sculpture/38319.jpg
sculpture,Feline,600-1000 AD,artifact_dataset/images/sculpture/310478.jpg
sculpture,Head of a Bishop with Crozier,1400-1500 AD,artifact_dataset/images/sculpture/330097.jpg
sculpture,Griffin and Other Monster,1400-1499 AD,artifact_dataset/images/sculpture/466663.jpg
sculpture,Head of a man,200-400 AD,artifact_dataset/images/sculpture/326693.jpg
sculpture,Animal figurine,200-699 AD,artifact_dataset/images/sculpture/322829.jpg
sculpture,Animal figurine,200-699 AD,artifact_dataset/images/sculpture/322833.jpg
sculpture,Animal figurine,200-699 AD,artifact_dataset/images/sculpture/322423.jpg
sculpture,Quadruped,200-699 AD,artifact_dataset/images/sculpture/326005.jpg
sculpture,Head of a gazelle,200-699 AD,artifact_dataset/images/sculpture/322977.jpg
sculpture,Bust of female figure,100-300 AD,artifact_dataset/images/sculpture/327276.jpg
sculpture,Virgin and Child,1400-1499 AD,artifact_dataset/images/sculpture/463903.jpg
sculpture,The Three Maries,1375-1399 AD,artifact_dataset/images/sculpture/464362.jpg
sculpture,Head of a Bearded King,1300-1400 AD,artifact_dataset/images/sculpture/330096.jpg
sculpture,Haniwa (Clay Sculpture) of a Female Shrine Attendant,500-599 AD,artifact_dataset/images/sculpture/53156.jpg
sculpture,Head of a male figure,300-500 AD,artifact_dataset/images/sculpture/326160.jpg
sculpture,Tomb Effigy of a Knight in Gothic Armor,1400-1475 AD,artifact_dataset/images/sculpture/34026.jpg
sculpture,Vault Key,1471-1499 AD,artifact_dataset/images/sculpture/473456.jpg
sculpture,Vultus trifrons or an Allegory of Prudence,1337-1358 AD,artifact_dataset/images/sculpture/461182.jpg
sculpture,Virgin and Child,1225-1250 AD,artifact_dataset/images/sculpture/471964.jpg
sculpture,Dove,900-1100 AD,artifact_dataset/images/sculpture/852384.jpg
sculpture,Head of a Boy,220-589 AD,artifact_dataset/images/sculpture/52548.jpg
sculpture,Saint Stephen,1450-1475 AD,artifact_dataset/images/sculpture/460465.jpg
sculpture,Saint Peter,1450-1475 AD,artifact_dataset/images/sculpture/460464.jpg
sculpture,Saint  Adrian,1450-1475 AD,artifact_dataset/images/sculpture/461047.jpg
sculpture,Saint John the Evangelist,1450-1475 AD,artifact_dataset/images/sculpture/461296.jpg
inscriptions,Ewer with Inscriptions and Hunting Scenes,1000-1099 AD,artifact_dataset/images/inscriptions/449450.jpg
inscriptions,Panel with Geometric Pattern and Benedictory Inscriptions,1275-1350 AD,artifact_dataset/images/inscriptions/457717.jpg
inscriptions,Ewer with Molded Inscriptions and Figures on Horseback,1050-1199 AD,artifact_dataset/images/inscriptions/446283.jpg
inscriptions,Shawl with Coptic Inscriptions,800-999 AD,artifact_dataset/images/inscriptions/448572.jpg
inscriptions,Textile Featuring Arabic Inscriptions,1100-1199 AD,artifact_dataset/images/inscriptions/448249.jpg
inscriptions,Three Bowls with Floriated Kufic Inscriptions,875-925 AD,artifact_dataset/images/inscriptions/449323.jpg
inscriptions,Candlestick with Horsemen and Arabic Inscriptions Conveying Good Wishes and Blessings Upon the Sultan,1200-1399 AD,artifact_dataset/images/inscriptions/444527.jpg
inscriptions,"Ewer with Molded Inscriptions, Animals, and Dancers",1050-1199 AD,artifact_dataset/images/inscriptions/451397.jpg
inscriptions,Inscriptions from the Stele of Mount Yi,960-1279 AD,artifact_dataset/images/inscriptions/64022.jpg
inscriptions,Bowl with Green Pseudo-Inscriptions and Clusters of Spots,800-999 AD,artifact_dataset/images/inscriptions/449585.jpg
inscriptions,Pen Box (Qalamdan) with Inscriptions,1500-1525 AD,artifact_dataset/images/inscriptions/452788.jpg
sculpture,"Figure of a man with an oryx, a monkey, and a leopard skin",800-700 BCE,artifact_dataset/images/sculpture/325089.jpg
sculpture,Standing bull,500-400 BCE,artifact_dataset/images/sculpture/324027.jpg
sculpture,Bull's head from column capital,500-400 BCE,artifact_dataset/images/sculpture/324025.jpg
